[   39902ms] [INFO] 
    _____
 ___ |[]|_n__n_I_c
|___||__|###|____}
 O-O--O-O+++--O-O
****************************************
*                                      *
*           Enjoying Railway?          *
*                                      *
*         Want to ride with us?        *
*                                      *
*              Hop aboard,             *
*   the train is leaving the station!  *
*                                      *
*      https://railway.com/careers     *
*                                      *
****************************************
 @ https://railway.com/assets/main-CYn3uDX1.js:131
[   39903ms] [INFO] 
    _____
 ___ |[]|_n__n_I_c
|___||__|###|____}
 O-O--O-O+++--O-O
****************************************
*                                      *
*           Enjoying Railway?          *
*                                      *
*         Want to ride with us?        *
*                                      *
*              Hop aboard,             *
*   the train is leaving the station!  *
*                                      *
*      https://railway.com/careers     *
*                                      *
****************************************
 @ https://railway.com/assets/main-CYn3uDX1.js:169
[   40272ms] Error: Minified React error #418; visit https://reactjs.org/docs/error-decoder.html?invariant=418 for the full message or use the non-minified dev environment for full errors and additional helpful warnings.
    at Va (https://railway.com/assets/react-dom-CWIgXKDx.js:6:4758)
    at Wl (https://railway.com/assets/react-dom-CWIgXKDx.js:8:45043)
    at Pl (https://railway.com/assets/react-dom-CWIgXKDx.js:8:39294)
    at Nl (https://railway.com/assets/react-dom-CWIgXKDx.js:8:39267)
    at vl (https://railway.com/assets/react-dom-CWIgXKDx.js:8:34357)
    at te (https://railway.com/assets/react-dom-CWIgXKDx.js:1:1616)
    at MessagePort.se (https://railway.com/assets/react-dom-CWIgXKDx.js:1:1986)
[   40273ms] Error: Minified React error #418; visit https://reactjs.org/docs/error-decoder.html?invariant=418 for the full message or use the non-minified dev environment for full errors and additional helpful warnings.
    at Va (https://railway.com/assets/react-dom-CWIgXKDx.js:6:4758)
    at Wl (https://railway.com/assets/react-dom-CWIgXKDx.js:8:45043)
    at Pl (https://railway.com/assets/react-dom-CWIgXKDx.js:8:39294)
    at Nl (https://railway.com/assets/react-dom-CWIgXKDx.js:8:39267)
    at vl (https://railway.com/assets/react-dom-CWIgXKDx.js:8:34357)
    at te (https://railway.com/assets/react-dom-CWIgXKDx.js:1:1616)
    at MessagePort.se (https://railway.com/assets/react-dom-CWIgXKDx.js:1:1986)
[   40273ms] Error: Minified React error #418; visit https://reactjs.org/docs/error-decoder.html?invariant=418 for the full message or use the non-minified dev environment for full errors and additional helpful warnings.
    at Va (https://railway.com/assets/react-dom-CWIgXKDx.js:6:4758)
    at Wl (https://railway.com/assets/react-dom-CWIgXKDx.js:8:45043)
    at Pl (https://railway.com/assets/react-dom-CWIgXKDx.js:8:39294)
    at Nl (https://railway.com/assets/react-dom-CWIgXKDx.js:8:39267)
    at vl (https://railway.com/assets/react-dom-CWIgXKDx.js:8:34357)
    at te (https://railway.com/assets/react-dom-CWIgXKDx.js:1:1616)
    at MessagePort.se (https://railway.com/assets/react-dom-CWIgXKDx.js:1:1986)
[   40274ms] Error: Minified React error #418; visit https://reactjs.org/docs/error-decoder.html?invariant=418 for the full message or use the non-minified dev environment for full errors and additional helpful warnings.
    at Va (https://railway.com/assets/react-dom-CWIgXKDx.js:6:4758)
    at Wl (https://railway.com/assets/react-dom-CWIgXKDx.js:8:45043)
    at Pl (https://railway.com/assets/react-dom-CWIgXKDx.js:8:39294)
    at Nl (https://railway.com/assets/react-dom-CWIgXKDx.js:8:39267)
    at vl (https://railway.com/assets/react-dom-CWIgXKDx.js:8:34357)
    at te (https://railway.com/assets/react-dom-CWIgXKDx.js:1:1616)
    at MessagePort.se (https://railway.com/assets/react-dom-CWIgXKDx.js:1:1986)
[   40275ms] Error: Minified React error #418; visit https://reactjs.org/docs/error-decoder.html?invariant=418 for the full message or use the non-minified dev environment for full errors and additional helpful warnings.
    at Va (https://railway.com/assets/react-dom-CWIgXKDx.js:6:4758)
    at Wl (https://railway.com/assets/react-dom-CWIgXKDx.js:8:45043)
    at Pl (https://railway.com/assets/react-dom-CWIgXKDx.js:8:39294)
    at Nl (https://railway.com/assets/react-dom-CWIgXKDx.js:8:39267)
    at vl (https://railway.com/assets/react-dom-CWIgXKDx.js:8:34357)
    at te (https://railway.com/assets/react-dom-CWIgXKDx.js:1:1616)
    at MessagePort.se (https://railway.com/assets/react-dom-CWIgXKDx.js:1:1986)
[   40276ms] Error: Minified React error #423; visit https://reactjs.org/docs/error-decoder.html?invariant=423 for the full message or use the non-minified dev environment for full errors and additional helpful warnings.
    at Wl (https://railway.com/assets/react-dom-CWIgXKDx.js:8:44706)
    at Pl (https://railway.com/assets/react-dom-CWIgXKDx.js:8:39294)
    at Ml (https://railway.com/assets/react-dom-CWIgXKDx.js:8:39225)
    at jl (https://railway.com/assets/react-dom-CWIgXKDx.js:8:39085)
    at yl (https://railway.com/assets/react-dom-CWIgXKDx.js:8:35523)
    at vl (https://railway.com/assets/react-dom-CWIgXKDx.js:8:34489)
    at te (https://railway.com/assets/react-dom-CWIgXKDx.js:1:1616)
    at MessagePort.se (https://railway.com/assets/react-dom-CWIgXKDx.js:1:1986)
[   40803ms] [ERROR] Failed to load resource: the server responded with a status of 404 () @ https://fonts.gstatic.com/s/ibmplexserif/v19/jizDREVNn1dOx-zrZ2X3pZvkTiUQ6SF-lPKgqWVL.woff2:0
[  106490ms] [INFO] Slow network is detected. See https://www.chromestatus.com/feature/5636954674692096 for more details. Fallback font will be used while loading: https://fonts.gstatic.com/s/googlesans/v62/4UaRrENHsxJlGDuGo1OIlJfC6l_24rlCK1Yo_Iq2vgCI.woff2 @ https://accounts.google.com/v3/signin/accountchooser?client_id=1078992815106-brpsupgvhheqg35tupphbh0qk9c32nq8.apps.googleusercontent.com&code_challenge=5_gTYREFYxuAcyP0Ty5jyPosh_eixtFkZxqbUdA7DU4&code_challenge_method=S256&nonce=86626cb9589f49a4c3a9a303616881d0&prompt=select_account&redirect_uri=https%3A%2F%2Fgithub.com%2Fsessions%2Fsocial%2Fgoogle%2Fcallback&response_type=code&scope=openid+email+profile&state=016388f1a51eb219d092653949ea289a&dsh=S471182495%3A1775567129933841&o2v=2&service=lso&flowName=GeneralOAuthFlow&opparams=%253F&continue=https%3A%2F%2Faccounts.google.com%2Fsignin%2Foauth%2Fconsent%3Fauthuser%3Dunknown%26part%3DAJi8hAPQZl6VessvAJjxAPjlRAGRVSeBd9t3pkI3fMg3Luf3hzjMGwgswVKtZr7X9Nu1xU_Qprtyl8ORzkFsv3mPf1eGcMOxi-rQvpK_HV9o8JvJ8fFSea_l5_Es_SywKQ4s6yI18JOfW9gT9fEJAlFVOCGH5GOpWKFWkyCx7oTXYyZslGsRHp5CMsKSfpeLsrOU9E8d5muJIcAgThfGliwW5d8qUZQ6I5kRqv4FqvROL0DAygsP6nQgPlArY3nLTegPoOGzbYXHZ0dthH9EdmA9CbTo9N3cqFaSmN5rd9j2d0dTHwljXn5vKJsdQGjapgpxnwip9VIwARG4zIJYdfJAo2G99JU9Tip19_sG1VkP2RP9CXfGJh7XQ2EgKv_0h7oWHPIsfn9EvljC0OZdtXNcfLNb9Lk4pwkQ_oo60zfHEBqhv400MRD7vfxOlJDVgK-4s7KSbl41BOj1K8SkY8GF-JFBxp_IPg%26flowName%3DGeneralOAuthFlow%26as%3DS471182495%253A1775567129933841%26client_id%3D1078992815106-brpsupgvhheqg35tupphbh0qk9c32nq8.apps.googleusercontent.com%26requestPath%3D%252Fsignin%252Foauth%252Fconsent%23&app_domain=https%3A%2F%2Fgithub.com:236
[  109057ms] [LOG] %c%s color: red; background: yellow; font-size: 24px; 警告！ @ https://www.gstatic.com/_/mss/boq-identity/_/js/k=boq-identity.AccountsSignInUi.zh_CN.KqVDACLr_N8.es5.O/am=Kf4GAACiCCQD4P__Dx0ACIAgGrieBaAJRAYAAAAAAAAAACwQACCN/d=1/excm=_b,_tp,accountchooserview/ed=1/dg=0/wt=2/ujg=1/rs=AOaEmlEAokanJMP_gTaZyJ5eLs_JCccahw/dti=1/m=_b,_tp:467
[  109057ms] [LOG] %c%s font-size: 18px; 使用此控制台可能会导致攻击程序利用 Self-XSS 攻击冒充您并窃取您的信息。
请勿输入或粘贴您不明白的代码。 @ https://www.gstatic.com/_/mss/boq-identity/_/js/k=boq-identity.AccountsSignInUi.zh_CN.KqVDACLr_N8.es5.O/am=Kf4GAACiCCQD4P__Dx0ACIAgGrieBaAJRAYAAAAAAAAAACwQACCN/d=1/excm=_b,_tp,accountchooserview/ed=1/dg=0/wt=2/ujg=1/rs=AOaEmlEAokanJMP_gTaZyJ5eLs_JCccahw/dti=1/m=_b,_tp:467
[  148896ms] [INFO] 
    _____
 ___ |[]|_n__n_I_c
|___||__|###|____}
 O-O--O-O+++--O-O
****************************************
*                                      *
*           Enjoying Railway?          *
*                                      *
*         Want to ride with us?        *
*                                      *
*              Hop aboard,             *
*   the train is leaving the station!  *
*                                      *
*      https://railway.com/careers     *
*                                      *
****************************************
 @ https://railway.com/assets/main-CYn3uDX1.js:131
[  148896ms] [INFO] 
    _____
 ___ |[]|_n__n_I_c
|___||__|###|____}
 O-O--O-O+++--O-O
****************************************
*                                      *
*           Enjoying Railway?          *
*                                      *
*         Want to ride with us?        *
*                                      *
*              Hop aboard,             *
*   the train is leaving the station!  *
*                                      *
*      https://railway.com/careers     *
*                                      *
****************************************
 @ https://railway.com/assets/main-CYn3uDX1.js:169
[  149303ms] Error: Minified React error #418; visit https://reactjs.org/docs/error-decoder.html?invariant=418 for the full message or use the non-minified dev environment for full errors and additional helpful warnings.
    at Va (https://railway.com/assets/react-dom-CWIgXKDx.js:6:4758)
    at Wl (https://railway.com/assets/react-dom-CWIgXKDx.js:8:45043)
    at Pl (https://railway.com/assets/react-dom-CWIgXKDx.js:8:39294)
    at Nl (https://railway.com/assets/react-dom-CWIgXKDx.js:8:39267)
    at vl (https://railway.com/assets/react-dom-CWIgXKDx.js:8:34357)
    at te (https://railway.com/assets/react-dom-CWIgXKDx.js:1:1616)
    at MessagePort.se (https://railway.com/assets/react-dom-CWIgXKDx.js:1:1986)
[  149304ms] Error: Minified React error #418; visit https://reactjs.org/docs/error-decoder.html?invariant=418 for the full message or use the non-minified dev environment for full errors and additional helpful warnings.
    at Va (https://railway.com/assets/react-dom-CWIgXKDx.js:6:4758)
    at Wl (https://railway.com/assets/react-dom-CWIgXKDx.js:8:45043)
    at Pl (https://railway.com/assets/react-dom-CWIgXKDx.js:8:39294)
    at Nl (https://railway.com/assets/react-dom-CWIgXKDx.js:8:39267)
    at vl (https://railway.com/assets/react-dom-CWIgXKDx.js:8:34357)
    at te (https://railway.com/assets/react-dom-CWIgXKDx.js:1:1616)
    at MessagePort.se (https://railway.com/assets/react-dom-CWIgXKDx.js:1:1986)
[  149305ms] Error: Minified React error #418; visit https://reactjs.org/docs/error-decoder.html?invariant=418 for the full message or use the non-minified dev environment for full errors and additional helpful warnings.
    at Va (https://railway.com/assets/react-dom-CWIgXKDx.js:6:4758)
    at Wl (https://railway.com/assets/react-dom-CWIgXKDx.js:8:45043)
    at Pl (https://railway.com/assets/react-dom-CWIgXKDx.js:8:39294)
    at Nl (https://railway.com/assets/react-dom-CWIgXKDx.js:8:39267)
    at vl (https://railway.com/assets/react-dom-CWIgXKDx.js:8:34357)
    at te (https://railway.com/assets/react-dom-CWIgXKDx.js:1:1616)
    at MessagePort.se (https://railway.com/assets/react-dom-CWIgXKDx.js:1:1986)
[  149307ms] Error: Minified React error #418; visit https://reactjs.org/docs/error-decoder.html?invariant=418 for the full message or use the non-minified dev environment for full errors and additional helpful warnings.
    at Va (https://railway.com/assets/react-dom-CWIgXKDx.js:6:4758)
    at Wl (https://railway.com/assets/react-dom-CWIgXKDx.js:8:45043)
    at Pl (https://railway.com/assets/react-dom-CWIgXKDx.js:8:39294)
    at Nl (https://railway.com/assets/react-dom-CWIgXKDx.js:8:39267)
    at vl (https://railway.com/assets/react-dom-CWIgXKDx.js:8:34357)
    at te (https://railway.com/assets/react-dom-CWIgXKDx.js:1:1616)
    at MessagePort.se (https://railway.com/assets/react-dom-CWIgXKDx.js:1:1986)
[  149308ms] Error: Minified React error #418; visit https://reactjs.org/docs/error-decoder.html?invariant=418 for the full message or use the non-minified dev environment for full errors and additional helpful warnings.
    at Va (https://railway.com/assets/react-dom-CWIgXKDx.js:6:4758)
    at Wl (https://railway.com/assets/react-dom-CWIgXKDx.js:8:45043)
    at Pl (https://railway.com/assets/react-dom-CWIgXKDx.js:8:39294)
    at Nl (https://railway.com/assets/react-dom-CWIgXKDx.js:8:39267)
    at vl (https://railway.com/assets/react-dom-CWIgXKDx.js:8:34357)
    at te (https://railway.com/assets/react-dom-CWIgXKDx.js:1:1616)
    at MessagePort.se (https://railway.com/assets/react-dom-CWIgXKDx.js:1:1986)
[  149308ms] Error: Minified React error #423; visit https://reactjs.org/docs/error-decoder.html?invariant=423 for the full message or use the non-minified dev environment for full errors and additional helpful warnings.
    at Wl (https://railway.com/assets/react-dom-CWIgXKDx.js:8:44706)
    at Pl (https://railway.com/assets/react-dom-CWIgXKDx.js:8:39294)
    at Ml (https://railway.com/assets/react-dom-CWIgXKDx.js:8:39225)
    at jl (https://railway.com/assets/react-dom-CWIgXKDx.js:8:39085)
    at yl (https://railway.com/assets/react-dom-CWIgXKDx.js:8:35523)
    at vl (https://railway.com/assets/react-dom-CWIgXKDx.js:8:34489)
    at te (https://railway.com/assets/react-dom-CWIgXKDx.js:1:1616)
    at MessagePort.se (https://railway.com/assets/react-dom-CWIgXKDx.js:1:1986)
[  149862ms] [ERROR] Failed to load resource: the server responded with a status of 404 () @ https://fonts.gstatic.com/s/ibmplexserif/v19/jizDREVNn1dOx-zrZ2X3pZvkTiUQ6SF-lPKgqWVL.woff2:0
[  151413ms] [ERROR] [billing] workspaceCustomerQuery: activeWorkspaceId is null @ https://railway.com/assets/useGraphqlClient-81ka45LF.js:10
[  151616ms] [ERROR] Error: <svg> attribute viewBox: Expected number, "0 0 100% 100%". @ https://cmp.osano.com/qVHEV4lSSU/738deb1e-f024-459e-ae0a-2e6a0d461ea8/osano.js:0
[  151617ms] [ERROR] Error: <svg> attribute viewBox: Expected number, "0 0 100% 100%". @ https://cmp.osano.com/qVHEV4lSSU/738deb1e-f024-459e-ae0a-2e6a0d461ea8/osano.js:0
[  151619ms] [ERROR] Error: <svg> attribute viewBox: Expected number, "0 0 100% 100%". @ https://cmp.osano.com/qVHEV4lSSU/738deb1e-f024-459e-ae0a-2e6a0d461ea8/osano.js:0
[  151621ms] [ERROR] Error: <svg> attribute viewBox: Expected number, "0 0 100% 100%". @ https://cmp.osano.com/qVHEV4lSSU/738deb1e-f024-459e-ae0a-2e6a0d461ea8/osano.js:0
[  151622ms] [ERROR] Error: <svg> attribute viewBox: Expected number, "0 0 100% 100%". @ https://cmp.osano.com/qVHEV4lSSU/738deb1e-f024-459e-ae0a-2e6a0d461ea8/osano.js:0
[  151623ms] [ERROR] Error: <svg> attribute viewBox: Expected number, "0 0 100% 100%". @ https://cmp.osano.com/qVHEV4lSSU/738deb1e-f024-459e-ae0a-2e6a0d461ea8/osano.js:0
[  151624ms] [ERROR] Error: <svg> attribute viewBox: Expected number, "0 0 100% 100%". @ https://cmp.osano.com/qVHEV4lSSU/738deb1e-f024-459e-ae0a-2e6a0d461ea8/osano.js:0
[  151625ms] [ERROR] Error: <svg> attribute viewBox: Expected number, "0 0 100% 100%". @ https://cmp.osano.com/qVHEV4lSSU/738deb1e-f024-459e-ae0a-2e6a0d461ea8/osano.js:0
[  151627ms] [ERROR] Error: <svg> attribute viewBox: Expected number, "0 0 100% 100%". @ https://cmp.osano.com/qVHEV4lSSU/738deb1e-f024-459e-ae0a-2e6a0d461ea8/osano.js:0
[  173521ms] [ERROR] Error: <svg> attribute viewBox: Expected number, "0 0 100% 129px". @ https://cmp.osano.com/qVHEV4lSSU/738deb1e-f024-459e-ae0a-2e6a0d461ea8/osano.js:0
[  185764ms] [WARNING] The resource https://fonts.gstatic.com/s/ibmplexserif/v19/jizDREVNn1dOx-zrZ2X3pZvkTiUQ6SF-lPKgqWVL.woff2 was preloaded using link preload but not used within a few seconds from the window's load event. Please make sure it has an appropriate `as` value and it is preloaded intentionally. @ https://railway.com/project/c5b859b6-ef4b-47d6-a013-bc1ab3cbc444/service/1bf210ee-30ed-429d-9c67-359b3d753f00?environmentId=b80e16c3-5e02-43d3-ae1a-b8b67e977754:0
[  194600ms] [WARNING] The resource https://fonts.gstatic.com/s/ibmplexserif/v19/jizDREVNn1dOx-zrZ2X3pZvkTiUQ6SF-lPKgqWVL.woff2 was preloaded using link preload but not used within a few seconds from the window's load event. Please make sure it has an appropriate `as` value and it is preloaded intentionally. @ https://railway.com/project/c5b859b6-ef4b-47d6-a013-bc1ab3cbc444/service/1bf210ee-30ed-429d-9c67-359b3d753f00?environmentId=b80e16c3-5e02-43d3-ae1a-b8b67e977754:0
[  200852ms] [WARNING] The resource https://fonts.gstatic.com/s/ibmplexserif/v19/jizDREVNn1dOx-zrZ2X3pZvkTiUQ6SF-lPKgqWVL.woff2 was preloaded using link preload but not used within a few seconds from the window's load event. Please make sure it has an appropriate `as` value and it is preloaded intentionally. @ https://railway.com/project/c5b859b6-ef4b-47d6-a013-bc1ab3cbc444/service/1bf210ee-30ed-429d-9c67-359b3d753f00?environmentId=b80e16c3-5e02-43d3-ae1a-b8b67e977754:0
[  211075ms] [WARNING] The resource https://fonts.gstatic.com/s/ibmplexserif/v19/jizDREVNn1dOx-zrZ2X3pZvkTiUQ6SF-lPKgqWVL.woff2 was preloaded using link preload but not used within a few seconds from the window's load event. Please make sure it has an appropriate `as` value and it is preloaded intentionally. @ https://railway.com/project/c5b859b6-ef4b-47d6-a013-bc1ab3cbc444/service/1bf210ee-30ed-429d-9c67-359b3d753f00?environmentId=b80e16c3-5e02-43d3-ae1a-b8b67e977754:0
[  291025ms] [WARNING] The resource https://fonts.gstatic.com/s/ibmplexserif/v19/jizDREVNn1dOx-zrZ2X3pZvkTiUQ6SF-lPKgqWVL.woff2 was preloaded using link preload but not used within a few seconds from the window's load event. Please make sure it has an appropriate `as` value and it is preloaded intentionally. @ https://railway.com/project/c5b859b6-ef4b-47d6-a013-bc1ab3cbc444/service/1bf210ee-30ed-429d-9c67-359b3d753f00?environmentId=b80e16c3-5e02-43d3-ae1a-b8b67e977754:0
[  330413ms] [WARNING] The resource https://fonts.gstatic.com/s/ibmplexserif/v19/jizDREVNn1dOx-zrZ2X3pZvkTiUQ6SF-lPKgqWVL.woff2 was preloaded using link preload but not used within a few seconds from the window's load event. Please make sure it has an appropriate `as` value and it is preloaded intentionally. @ https://railway.com/project/c5b859b6-ef4b-47d6-a013-bc1ab3cbc444/service/1bf210ee-30ed-429d-9c67-359b3d753f00?environmentId=b80e16c3-5e02-43d3-ae1a-b8b67e977754:0
[  353538ms] [WARNING] The resource https://fonts.gstatic.com/s/ibmplexserif/v19/jizDREVNn1dOx-zrZ2X3pZvkTiUQ6SF-lPKgqWVL.woff2 was preloaded using link preload but not used within a few seconds from the window's load event. Please make sure it has an appropriate `as` value and it is preloaded intentionally. @ https://railway.com/project/c5b859b6-ef4b-47d6-a013-bc1ab3cbc444/service/1bf210ee-30ed-429d-9c67-359b3d753f00?environmentId=b80e16c3-5e02-43d3-ae1a-b8b67e977754:0
[  367668ms] [WARNING] The resource https://fonts.gstatic.com/s/ibmplexserif/v19/jizDREVNn1dOx-zrZ2X3pZvkTiUQ6SF-lPKgqWVL.woff2 was preloaded using link preload but not used within a few seconds from the window's load event. Please make sure it has an appropriate `as` value and it is preloaded intentionally. @ https://railway.com/project/c5b859b6-ef4b-47d6-a013-bc1ab3cbc444/service/1bf210ee-30ed-429d-9c67-359b3d753f00?environmentId=b80e16c3-5e02-43d3-ae1a-b8b67e977754:0
[  469070ms] [WARNING] The resource https://fonts.gstatic.com/s/ibmplexserif/v19/jizDREVNn1dOx-zrZ2X3pZvkTiUQ6SF-lPKgqWVL.woff2 was preloaded using link preload but not used within a few seconds from the window's load event. Please make sure it has an appropriate `as` value and it is preloaded intentionally. @ https://railway.com/project/c5b859b6-ef4b-47d6-a013-bc1ab3cbc444/service/1bf210ee-30ed-429d-9c67-359b3d753f00?environmentId=b80e16c3-5e02-43d3-ae1a-b8b67e977754:0
[  772431ms] [WARNING] The resource https://fonts.gstatic.com/s/ibmplexserif/v19/jizDREVNn1dOx-zrZ2X3pZvkTiUQ6SF-lPKgqWVL.woff2 was preloaded using link preload but not used within a few seconds from the window's load event. Please make sure it has an appropriate `as` value and it is preloaded intentionally. @ https://railway.com/project/c5b859b6-ef4b-47d6-a013-bc1ab3cbc444/service/1bf210ee-30ed-429d-9c67-359b3d753f00?environmentId=b80e16c3-5e02-43d3-ae1a-b8b67e977754:0
[ 1076437ms] [WARNING] The resource https://fonts.gstatic.com/s/ibmplexserif/v19/jizDREVNn1dOx-zrZ2X3pZvkTiUQ6SF-lPKgqWVL.woff2 was preloaded using link preload but not used within a few seconds from the window's load event. Please make sure it has an appropriate `as` value and it is preloaded intentionally. @ https://railway.com/project/c5b859b6-ef4b-47d6-a013-bc1ab3cbc444/service/1bf210ee-30ed-429d-9c67-359b3d753f00?environmentId=b80e16c3-5e02-43d3-ae1a-b8b67e977754:0
[ 1379079ms] [WARNING] The resource https://fonts.gstatic.com/s/ibmplexserif/v19/jizDREVNn1dOx-zrZ2X3pZvkTiUQ6SF-lPKgqWVL.woff2 was preloaded using link preload but not used within a few seconds from the window's load event. Please make sure it has an appropriate `as` value and it is preloaded intentionally. @ https://railway.com/project/c5b859b6-ef4b-47d6-a013-bc1ab3cbc444/service/1bf210ee-30ed-429d-9c67-359b3d753f00?environmentId=b80e16c3-5e02-43d3-ae1a-b8b67e977754:0
[ 1682128ms] [WARNING] The resource https://fonts.gstatic.com/s/ibmplexserif/v19/jizDREVNn1dOx-zrZ2X3pZvkTiUQ6SF-lPKgqWVL.woff2 was preloaded using link preload but not used within a few seconds from the window's load event. Please make sure it has an appropriate `as` value and it is preloaded intentionally. @ https://railway.com/project/c5b859b6-ef4b-47d6-a013-bc1ab3cbc444/service/1bf210ee-30ed-429d-9c67-359b3d753f00?environmentId=b80e16c3-5e02-43d3-ae1a-b8b67e977754:0
[ 1924153ms] [WARNING] The resource https://fonts.gstatic.com/s/ibmplexserif/v19/jizDREVNn1dOx-zrZ2X3pZvkTiUQ6SF-lPKgqWVL.woff2 was preloaded using link preload but not used within a few seconds from the window's load event. Please make sure it has an appropriate `as` value and it is preloaded intentionally. @ https://railway.com/project/c5b859b6-ef4b-47d6-a013-bc1ab3cbc444/service/1bf210ee-30ed-429d-9c67-359b3d753f00?environmentId=b80e16c3-5e02-43d3-ae1a-b8b67e977754:0
[ 1939520ms] [WARNING] The resource https://fonts.gstatic.com/s/ibmplexserif/v19/jizDREVNn1dOx-zrZ2X3pZvkTiUQ6SF-lPKgqWVL.woff2 was preloaded using link preload but not used within a few seconds from the window's load event. Please make sure it has an appropriate `as` value and it is preloaded intentionally. @ https://railway.com/project/c5b859b6-ef4b-47d6-a013-bc1ab3cbc444/service/1bf210ee-30ed-429d-9c67-359b3d753f00?environmentId=b80e16c3-5e02-43d3-ae1a-b8b67e977754:0
[ 1945797ms] [WARNING] The resource https://fonts.gstatic.com/s/ibmplexserif/v19/jizDREVNn1dOx-zrZ2X3pZvkTiUQ6SF-lPKgqWVL.woff2 was preloaded using link preload but not used within a few seconds from the window's load event. Please make sure it has an appropriate `as` value and it is preloaded intentionally. @ https://railway.com/project/c5b859b6-ef4b-47d6-a013-bc1ab3cbc444/service/1bf210ee-30ed-429d-9c67-359b3d753f00?environmentId=b80e16c3-5e02-43d3-ae1a-b8b67e977754:0
[ 1950744ms] [WARNING] The resource https://fonts.gstatic.com/s/ibmplexserif/v19/jizDREVNn1dOx-zrZ2X3pZvkTiUQ6SF-lPKgqWVL.woff2 was preloaded using link preload but not used within a few seconds from the window's load event. Please make sure it has an appropriate `as` value and it is preloaded intentionally. @ https://railway.com/project/c5b859b6-ef4b-47d6-a013-bc1ab3cbc444/service/1bf210ee-30ed-429d-9c67-359b3d753f00?environmentId=b80e16c3-5e02-43d3-ae1a-b8b67e977754:0
[ 1982489ms] [WARNING] The resource https://fonts.gstatic.com/s/ibmplexserif/v19/jizDREVNn1dOx-zrZ2X3pZvkTiUQ6SF-lPKgqWVL.woff2 was preloaded using link preload but not used within a few seconds from the window's load event. Please make sure it has an appropriate `as` value and it is preloaded intentionally. @ https://railway.com/project/c5b859b6-ef4b-47d6-a013-bc1ab3cbc444/service/1bf210ee-30ed-429d-9c67-359b3d753f00?environmentId=b80e16c3-5e02-43d3-ae1a-b8b67e977754:0
[ 2285580ms] [WARNING] The resource https://fonts.gstatic.com/s/ibmplexserif/v19/jizDREVNn1dOx-zrZ2X3pZvkTiUQ6SF-lPKgqWVL.woff2 was preloaded using link preload but not used within a few seconds from the window's load event. Please make sure it has an appropriate `as` value and it is preloaded intentionally. @ https://railway.com/project/c5b859b6-ef4b-47d6-a013-bc1ab3cbc444/service/1bf210ee-30ed-429d-9c67-359b3d753f00?environmentId=b80e16c3-5e02-43d3-ae1a-b8b67e977754:0
[ 2300289ms] [WARNING] The resource https://fonts.gstatic.com/s/ibmplexserif/v19/jizDREVNn1dOx-zrZ2X3pZvkTiUQ6SF-lPKgqWVL.woff2 was preloaded using link preload but not used within a few seconds from the window's load event. Please make sure it has an appropriate `as` value and it is preloaded intentionally. @ https://railway.com/project/c5b859b6-ef4b-47d6-a013-bc1ab3cbc444/service/1bf210ee-30ed-429d-9c67-359b3d753f00?environmentId=b80e16c3-5e02-43d3-ae1a-b8b67e977754:0
[ 2312679ms] [WARNING] The resource https://fonts.gstatic.com/s/ibmplexserif/v19/jizDREVNn1dOx-zrZ2X3pZvkTiUQ6SF-lPKgqWVL.woff2 was preloaded using link preload but not used within a few seconds from the window's load event. Please make sure it has an appropriate `as` value and it is preloaded intentionally. @ https://railway.com/project/c5b859b6-ef4b-47d6-a013-bc1ab3cbc444/service/1bf210ee-30ed-429d-9c67-359b3d753f00?environmentId=b80e16c3-5e02-43d3-ae1a-b8b67e977754:0
[ 2322441ms] [WARNING] The resource https://fonts.gstatic.com/s/ibmplexserif/v19/jizDREVNn1dOx-zrZ2X3pZvkTiUQ6SF-lPKgqWVL.woff2 was preloaded using link preload but not used within a few seconds from the window's load event. Please make sure it has an appropriate `as` value and it is preloaded intentionally. @ https://railway.com/project/c5b859b6-ef4b-47d6-a013-bc1ab3cbc444/service/1bf210ee-30ed-429d-9c67-359b3d753f00?environmentId=b80e16c3-5e02-43d3-ae1a-b8b67e977754:0
[ 2329116ms] [WARNING] The resource https://fonts.gstatic.com/s/ibmplexserif/v19/jizDREVNn1dOx-zrZ2X3pZvkTiUQ6SF-lPKgqWVL.woff2 was preloaded using link preload but not used within a few seconds from the window's load event. Please make sure it has an appropriate `as` value and it is preloaded intentionally. @ https://railway.com/project/c5b859b6-ef4b-47d6-a013-bc1ab3cbc444/service/1bf210ee-30ed-429d-9c67-359b3d753f00?environmentId=b80e16c3-5e02-43d3-ae1a-b8b67e977754:0
[ 2534280ms] [WARNING] The resource https://fonts.gstatic.com/s/ibmplexserif/v19/jizDREVNn1dOx-zrZ2X3pZvkTiUQ6SF-lPKgqWVL.woff2 was preloaded using link preload but not used within a few seconds from the window's load event. Please make sure it has an appropriate `as` value and it is preloaded intentionally. @ https://railway.com/project/c5b859b6-ef4b-47d6-a013-bc1ab3cbc444/service/1bf210ee-30ed-429d-9c67-359b3d753f00?environmentId=b80e16c3-5e02-43d3-ae1a-b8b67e977754:0
[ 2552705ms] [WARNING] The resource https://fonts.gstatic.com/s/ibmplexserif/v19/jizDREVNn1dOx-zrZ2X3pZvkTiUQ6SF-lPKgqWVL.woff2 was preloaded using link preload but not used within a few seconds from the window's load event. Please make sure it has an appropriate `as` value and it is preloaded intentionally. @ https://railway.com/project/c5b859b6-ef4b-47d6-a013-bc1ab3cbc444/service/1bf210ee-30ed-429d-9c67-359b3d753f00?environmentId=b80e16c3-5e02-43d3-ae1a-b8b67e977754:0
[ 2559971ms] [WARNING] The resource https://fonts.gstatic.com/s/ibmplexserif/v19/jizDREVNn1dOx-zrZ2X3pZvkTiUQ6SF-lPKgqWVL.woff2 was preloaded using link preload but not used within a few seconds from the window's load event. Please make sure it has an appropriate `as` value and it is preloaded intentionally. @ https://railway.com/project/c5b859b6-ef4b-47d6-a013-bc1ab3cbc444/service/1bf210ee-30ed-429d-9c67-359b3d753f00?environmentId=b80e16c3-5e02-43d3-ae1a-b8b67e977754:0
[ 2564719ms] [WARNING] The resource https://fonts.gstatic.com/s/ibmplexserif/v19/jizDREVNn1dOx-zrZ2X3pZvkTiUQ6SF-lPKgqWVL.woff2 was preloaded using link preload but not used within a few seconds from the window's load event. Please make sure it has an appropriate `as` value and it is preloaded intentionally. @ https://railway.com/project/c5b859b6-ef4b-47d6-a013-bc1ab3cbc444/service/1bf210ee-30ed-429d-9c67-359b3d753f00?environmentId=b80e16c3-5e02-43d3-ae1a-b8b67e977754:0
[ 2585919ms] [WARNING] The resource https://fonts.gstatic.com/s/ibmplexserif/v19/jizDREVNn1dOx-zrZ2X3pZvkTiUQ6SF-lPKgqWVL.woff2 was preloaded using link preload but not used within a few seconds from the window's load event. Please make sure it has an appropriate `as` value and it is preloaded intentionally. @ https://railway.com/project/c5b859b6-ef4b-47d6-a013-bc1ab3cbc444/service/1bf210ee-30ed-429d-9c67-359b3d753f00?environmentId=b80e16c3-5e02-43d3-ae1a-b8b67e977754:0
[ 2735191ms] [WARNING] The resource https://fonts.gstatic.com/s/ibmplexserif/v19/jizDREVNn1dOx-zrZ2X3pZvkTiUQ6SF-lPKgqWVL.woff2 was preloaded using link preload but not used within a few seconds from the window's load event. Please make sure it has an appropriate `as` value and it is preloaded intentionally. @ https://railway.com/project/c5b859b6-ef4b-47d6-a013-bc1ab3cbc444/service/1bf210ee-30ed-429d-9c67-359b3d753f00?environmentId=b80e16c3-5e02-43d3-ae1a-b8b67e977754:0
[ 2762953ms] [WARNING] The resource https://fonts.gstatic.com/s/ibmplexserif/v19/jizDREVNn1dOx-zrZ2X3pZvkTiUQ6SF-lPKgqWVL.woff2 was preloaded using link preload but not used within a few seconds from the window's load event. Please make sure it has an appropriate `as` value and it is preloaded intentionally. @ https://railway.com/project/c5b859b6-ef4b-47d6-a013-bc1ab3cbc444/service/1bf210ee-30ed-429d-9c67-359b3d753f00?environmentId=b80e16c3-5e02-43d3-ae1a-b8b67e977754:0
[ 2772183ms] [WARNING] The resource https://fonts.gstatic.com/s/ibmplexserif/v19/jizDREVNn1dOx-zrZ2X3pZvkTiUQ6SF-lPKgqWVL.woff2 was preloaded using link preload but not used within a few seconds from the window's load event. Please make sure it has an appropriate `as` value and it is preloaded intentionally. @ https://railway.com/project/c5b859b6-ef4b-47d6-a013-bc1ab3cbc444/service/1bf210ee-30ed-429d-9c67-359b3d753f00?environmentId=b80e16c3-5e02-43d3-ae1a-b8b67e977754:0
[ 2778354ms] [WARNING] The resource https://fonts.gstatic.com/s/ibmplexserif/v19/jizDREVNn1dOx-zrZ2X3pZvkTiUQ6SF-lPKgqWVL.woff2 was preloaded using link preload but not used within a few seconds from the window's load event. Please make sure it has an appropriate `as` value and it is preloaded intentionally. @ https://railway.com/project/c5b859b6-ef4b-47d6-a013-bc1ab3cbc444/service/1bf210ee-30ed-429d-9c67-359b3d753f00?environmentId=b80e16c3-5e02-43d3-ae1a-b8b67e977754:0
[ 2798124ms] [WARNING] The resource https://fonts.gstatic.com/s/ibmplexserif/v19/jizDREVNn1dOx-zrZ2X3pZvkTiUQ6SF-lPKgqWVL.woff2 was preloaded using link preload but not used within a few seconds from the window's load event. Please make sure it has an appropriate `as` value and it is preloaded intentionally. @ https://railway.com/project/c5b859b6-ef4b-47d6-a013-bc1ab3cbc444/service/1bf210ee-30ed-429d-9c67-359b3d753f00?environmentId=b80e16c3-5e02-43d3-ae1a-b8b67e977754:0
[ 2886637ms] [WARNING] The resource https://fonts.gstatic.com/s/ibmplexserif/v19/jizDREVNn1dOx-zrZ2X3pZvkTiUQ6SF-lPKgqWVL.woff2 was preloaded using link preload but not used within a few seconds from the window's load event. Please make sure it has an appropriate `as` value and it is preloaded intentionally. @ https://railway.com/project/c5b859b6-ef4b-47d6-a013-bc1ab3cbc444/service/1bf210ee-30ed-429d-9c67-359b3d753f00?environmentId=b80e16c3-5e02-43d3-ae1a-b8b67e977754:0
[ 2911059ms] [WARNING] The resource https://fonts.gstatic.com/s/ibmplexserif/v19/jizDREVNn1dOx-zrZ2X3pZvkTiUQ6SF-lPKgqWVL.woff2 was preloaded using link preload but not used within a few seconds from the window's load event. Please make sure it has an appropriate `as` value and it is preloaded intentionally. @ https://railway.com/project/c5b859b6-ef4b-47d6-a013-bc1ab3cbc444/service/1bf210ee-30ed-429d-9c67-359b3d753f00?environmentId=b80e16c3-5e02-43d3-ae1a-b8b67e977754:0
[ 2922975ms] [WARNING] The resource https://fonts.gstatic.com/s/ibmplexserif/v19/jizDREVNn1dOx-zrZ2X3pZvkTiUQ6SF-lPKgqWVL.woff2 was preloaded using link preload but not used within a few seconds from the window's load event. Please make sure it has an appropriate `as` value and it is preloaded intentionally. @ https://railway.com/project/c5b859b6-ef4b-47d6-a013-bc1ab3cbc444/service/1bf210ee-30ed-429d-9c67-359b3d753f00?environmentId=b80e16c3-5e02-43d3-ae1a-b8b67e977754:0
[ 2931206ms] [WARNING] The resource https://fonts.gstatic.com/s/ibmplexserif/v19/jizDREVNn1dOx-zrZ2X3pZvkTiUQ6SF-lPKgqWVL.woff2 was preloaded using link preload but not used within a few seconds from the window's load event. Please make sure it has an appropriate `as` value and it is preloaded intentionally. @ https://railway.com/project/c5b859b6-ef4b-47d6-a013-bc1ab3cbc444/service/1bf210ee-30ed-429d-9c67-359b3d753f00?environmentId=b80e16c3-5e02-43d3-ae1a-b8b67e977754:0
[ 2938532ms] [WARNING] The resource https://fonts.gstatic.com/s/ibmplexserif/v19/jizDREVNn1dOx-zrZ2X3pZvkTiUQ6SF-lPKgqWVL.woff2 was preloaded using link preload but not used within a few seconds from the window's load event. Please make sure it has an appropriate `as` value and it is preloaded intentionally. @ https://railway.com/project/c5b859b6-ef4b-47d6-a013-bc1ab3cbc444/service/1bf210ee-30ed-429d-9c67-359b3d753f00?environmentId=b80e16c3-5e02-43d3-ae1a-b8b67e977754:0
[ 2998034ms] [WARNING] The resource https://fonts.gstatic.com/s/ibmplexserif/v19/jizDREVNn1dOx-zrZ2X3pZvkTiUQ6SF-lPKgqWVL.woff2 was preloaded using link preload but not used within a few seconds from the window's load event. Please make sure it has an appropriate `as` value and it is preloaded intentionally. @ https://railway.com/project/c5b859b6-ef4b-47d6-a013-bc1ab3cbc444/service/1bf210ee-30ed-429d-9c67-359b3d753f00?environmentId=b80e16c3-5e02-43d3-ae1a-b8b67e977754:0
[ 3016883ms] [WARNING] The resource https://fonts.gstatic.com/s/ibmplexserif/v19/jizDREVNn1dOx-zrZ2X3pZvkTiUQ6SF-lPKgqWVL.woff2 was preloaded using link preload but not used within a few seconds from the window's load event. Please make sure it has an appropriate `as` value and it is preloaded intentionally. @ https://railway.com/project/c5b859b6-ef4b-47d6-a013-bc1ab3cbc444/service/1bf210ee-30ed-429d-9c67-359b3d753f00?environmentId=b80e16c3-5e02-43d3-ae1a-b8b67e977754:0
[ 3025474ms] [WARNING] The resource https://fonts.gstatic.com/s/ibmplexserif/v19/jizDREVNn1dOx-zrZ2X3pZvkTiUQ6SF-lPKgqWVL.woff2 was preloaded using link preload but not used within a few seconds from the window's load event. Please make sure it has an appropriate `as` value and it is preloaded intentionally. @ https://railway.com/project/c5b859b6-ef4b-47d6-a013-bc1ab3cbc444/service/1bf210ee-30ed-429d-9c67-359b3d753f00?environmentId=b80e16c3-5e02-43d3-ae1a-b8b67e977754:0
[ 3032031ms] [WARNING] The resource https://fonts.gstatic.com/s/ibmplexserif/v19/jizDREVNn1dOx-zrZ2X3pZvkTiUQ6SF-lPKgqWVL.woff2 was preloaded using link preload but not used within a few seconds from the window's load event. Please make sure it has an appropriate `as` value and it is preloaded intentionally. @ https://railway.com/project/c5b859b6-ef4b-47d6-a013-bc1ab3cbc444/service/1bf210ee-30ed-429d-9c67-359b3d753f00?environmentId=b80e16c3-5e02-43d3-ae1a-b8b67e977754:0
[ 3062174ms] [WARNING] The resource https://fonts.gstatic.com/s/ibmplexserif/v19/jizDREVNn1dOx-zrZ2X3pZvkTiUQ6SF-lPKgqWVL.woff2 was preloaded using link preload but not used within a few seconds from the window's load event. Please make sure it has an appropriate `as` value and it is preloaded intentionally. @ https://railway.com/project/c5b859b6-ef4b-47d6-a013-bc1ab3cbc444/service/1bf210ee-30ed-429d-9c67-359b3d753f00?environmentId=b80e16c3-5e02-43d3-ae1a-b8b67e977754:0
[ 3075941ms] [WARNING] The resource https://fonts.gstatic.com/s/ibmplexserif/v19/jizDREVNn1dOx-zrZ2X3pZvkTiUQ6SF-lPKgqWVL.woff2 was preloaded using link preload but not used within a few seconds from the window's load event. Please make sure it has an appropriate `as` value and it is preloaded intentionally. @ https://railway.com/project/c5b859b6-ef4b-47d6-a013-bc1ab3cbc444/service/1bf210ee-30ed-429d-9c67-359b3d753f00?environmentId=b80e16c3-5e02-43d3-ae1a-b8b67e977754:0
[ 3085450ms] [WARNING] The resource https://fonts.gstatic.com/s/ibmplexserif/v19/jizDREVNn1dOx-zrZ2X3pZvkTiUQ6SF-lPKgqWVL.woff2 was preloaded using link preload but not used within a few seconds from the window's load event. Please make sure it has an appropriate `as` value and it is preloaded intentionally. @ https://railway.com/project/c5b859b6-ef4b-47d6-a013-bc1ab3cbc444/service/1bf210ee-30ed-429d-9c67-359b3d753f00?environmentId=b80e16c3-5e02-43d3-ae1a-b8b67e977754:0
[ 3091745ms] [WARNING] The resource https://fonts.gstatic.com/s/ibmplexserif/v19/jizDREVNn1dOx-zrZ2X3pZvkTiUQ6SF-lPKgqWVL.woff2 was preloaded using link preload but not used within a few seconds from the window's load event. Please make sure it has an appropriate `as` value and it is preloaded intentionally. @ https://railway.com/project/c5b859b6-ef4b-47d6-a013-bc1ab3cbc444/service/1bf210ee-30ed-429d-9c67-359b3d753f00?environmentId=b80e16c3-5e02-43d3-ae1a-b8b67e977754:0
[ 3187135ms] [WARNING] The resource https://fonts.gstatic.com/s/ibmplexserif/v19/jizDREVNn1dOx-zrZ2X3pZvkTiUQ6SF-lPKgqWVL.woff2 was preloaded using link preload but not used within a few seconds from the window's load event. Please make sure it has an appropriate `as` value and it is preloaded intentionally. @ https://railway.com/project/c5b859b6-ef4b-47d6-a013-bc1ab3cbc444/service/1bf210ee-30ed-429d-9c67-359b3d753f00?environmentId=b80e16c3-5e02-43d3-ae1a-b8b67e977754:0
[ 3489257ms] [WARNING] The resource https://fonts.gstatic.com/s/ibmplexserif/v19/jizDREVNn1dOx-zrZ2X3pZvkTiUQ6SF-lPKgqWVL.woff2 was preloaded using link preload but not used within a few seconds from the window's load event. Please make sure it has an appropriate `as` value and it is preloaded intentionally. @ https://railway.com/project/c5b859b6-ef4b-47d6-a013-bc1ab3cbc444/service/1bf210ee-30ed-429d-9c67-359b3d753f00?environmentId=b80e16c3-5e02-43d3-ae1a-b8b67e977754:0
[ 3793616ms] [WARNING] The resource https://fonts.gstatic.com/s/ibmplexserif/v19/jizDREVNn1dOx-zrZ2X3pZvkTiUQ6SF-lPKgqWVL.woff2 was preloaded using link preload but not used within a few seconds from the window's load event. Please make sure it has an appropriate `as` value and it is preloaded intentionally. @ https://railway.com/project/c5b859b6-ef4b-47d6-a013-bc1ab3cbc444/service/1bf210ee-30ed-429d-9c67-359b3d753f00?environmentId=b80e16c3-5e02-43d3-ae1a-b8b67e977754:0
[ 4099534ms] [WARNING] The resource https://fonts.gstatic.com/s/ibmplexserif/v19/jizDREVNn1dOx-zrZ2X3pZvkTiUQ6SF-lPKgqWVL.woff2 was preloaded using link preload but not used within a few seconds from the window's load event. Please make sure it has an appropriate `as` value and it is preloaded intentionally. @ https://railway.com/project/c5b859b6-ef4b-47d6-a013-bc1ab3cbc444/service/1bf210ee-30ed-429d-9c67-359b3d753f00?environmentId=b80e16c3-5e02-43d3-ae1a-b8b67e977754:0
[ 4402746ms] [WARNING] The resource https://fonts.gstatic.com/s/ibmplexserif/v19/jizDREVNn1dOx-zrZ2X3pZvkTiUQ6SF-lPKgqWVL.woff2 was preloaded using link preload but not used within a few seconds from the window's load event. Please make sure it has an appropriate `as` value and it is preloaded intentionally. @ https://railway.com/project/c5b859b6-ef4b-47d6-a013-bc1ab3cbc444/service/1bf210ee-30ed-429d-9c67-359b3d753f00?environmentId=b80e16c3-5e02-43d3-ae1a-b8b67e977754:0
[ 4706414ms] [WARNING] The resource https://fonts.gstatic.com/s/ibmplexserif/v19/jizDREVNn1dOx-zrZ2X3pZvkTiUQ6SF-lPKgqWVL.woff2 was preloaded using link preload but not used within a few seconds from the window's load event. Please make sure it has an appropriate `as` value and it is preloaded intentionally. @ https://railway.com/project/c5b859b6-ef4b-47d6-a013-bc1ab3cbc444/service/1bf210ee-30ed-429d-9c67-359b3d753f00?environmentId=b80e16c3-5e02-43d3-ae1a-b8b67e977754:0
[ 5008381ms] [WARNING] The resource https://fonts.gstatic.com/s/ibmplexserif/v19/jizDREVNn1dOx-zrZ2X3pZvkTiUQ6SF-lPKgqWVL.woff2 was preloaded using link preload but not used within a few seconds from the window's load event. Please make sure it has an appropriate `as` value and it is preloaded intentionally. @ https://railway.com/project/c5b859b6-ef4b-47d6-a013-bc1ab3cbc444/service/1bf210ee-30ed-429d-9c67-359b3d753f00?environmentId=b80e16c3-5e02-43d3-ae1a-b8b67e977754:0
[ 5310787ms] [WARNING] The resource https://fonts.gstatic.com/s/ibmplexserif/v19/jizDREVNn1dOx-zrZ2X3pZvkTiUQ6SF-lPKgqWVL.woff2 was preloaded using link preload but not used within a few seconds from the window's load event. Please make sure it has an appropriate `as` value and it is preloaded intentionally. @ https://railway.com/project/c5b859b6-ef4b-47d6-a013-bc1ab3cbc444/service/1bf210ee-30ed-429d-9c67-359b3d753f00?environmentId=b80e16c3-5e02-43d3-ae1a-b8b67e977754:0
[ 5613567ms] [WARNING] The resource https://fonts.gstatic.com/s/ibmplexserif/v19/jizDREVNn1dOx-zrZ2X3pZvkTiUQ6SF-lPKgqWVL.woff2 was preloaded using link preload but not used within a few seconds from the window's load event. Please make sure it has an appropriate `as` value and it is preloaded intentionally. @ https://railway.com/project/c5b859b6-ef4b-47d6-a013-bc1ab3cbc444/service/1bf210ee-30ed-429d-9c67-359b3d753f00?environmentId=b80e16c3-5e02-43d3-ae1a-b8b67e977754:0
[ 5915106ms] [WARNING] The resource https://fonts.gstatic.com/s/ibmplexserif/v19/jizDREVNn1dOx-zrZ2X3pZvkTiUQ6SF-lPKgqWVL.woff2 was preloaded using link preload but not used within a few seconds from the window's load event. Please make sure it has an appropriate `as` value and it is preloaded intentionally. @ https://railway.com/project/c5b859b6-ef4b-47d6-a013-bc1ab3cbc444/service/1bf210ee-30ed-429d-9c67-359b3d753f00?environmentId=b80e16c3-5e02-43d3-ae1a-b8b67e977754:0
[ 6216772ms] [WARNING] The resource https://fonts.gstatic.com/s/ibmplexserif/v19/jizDREVNn1dOx-zrZ2X3pZvkTiUQ6SF-lPKgqWVL.woff2 was preloaded using link preload but not used within a few seconds from the window's load event. Please make sure it has an appropriate `as` value and it is preloaded intentionally. @ https://railway.com/project/c5b859b6-ef4b-47d6-a013-bc1ab3cbc444/service/1bf210ee-30ed-429d-9c67-359b3d753f00?environmentId=b80e16c3-5e02-43d3-ae1a-b8b67e977754:0
[ 6519588ms] [WARNING] The resource https://fonts.gstatic.com/s/ibmplexserif/v19/jizDREVNn1dOx-zrZ2X3pZvkTiUQ6SF-lPKgqWVL.woff2 was preloaded using link preload but not used within a few seconds from the window's load event. Please make sure it has an appropriate `as` value and it is preloaded intentionally. @ https://railway.com/project/c5b859b6-ef4b-47d6-a013-bc1ab3cbc444/service/1bf210ee-30ed-429d-9c67-359b3d753f00?environmentId=b80e16c3-5e02-43d3-ae1a-b8b67e977754:0
[ 6821642ms] [WARNING] The resource https://fonts.gstatic.com/s/ibmplexserif/v19/jizDREVNn1dOx-zrZ2X3pZvkTiUQ6SF-lPKgqWVL.woff2 was preloaded using link preload but not used within a few seconds from the window's load event. Please make sure it has an appropriate `as` value and it is preloaded intentionally. @ https://railway.com/project/c5b859b6-ef4b-47d6-a013-bc1ab3cbc444/service/1bf210ee-30ed-429d-9c67-359b3d753f00?environmentId=b80e16c3-5e02-43d3-ae1a-b8b67e977754:0
[ 7123161ms] [WARNING] The resource https://fonts.gstatic.com/s/ibmplexserif/v19/jizDREVNn1dOx-zrZ2X3pZvkTiUQ6SF-lPKgqWVL.woff2 was preloaded using link preload but not used within a few seconds from the window's load event. Please make sure it has an appropriate `as` value and it is preloaded intentionally. @ https://railway.com/project/c5b859b6-ef4b-47d6-a013-bc1ab3cbc444/service/1bf210ee-30ed-429d-9c67-359b3d753f00?environmentId=b80e16c3-5e02-43d3-ae1a-b8b67e977754:0
[ 7425570ms] [WARNING] The resource https://fonts.gstatic.com/s/ibmplexserif/v19/jizDREVNn1dOx-zrZ2X3pZvkTiUQ6SF-lPKgqWVL.woff2 was preloaded using link preload but not used within a few seconds from the window's load event. Please make sure it has an appropriate `as` value and it is preloaded intentionally. @ https://railway.com/project/c5b859b6-ef4b-47d6-a013-bc1ab3cbc444/service/1bf210ee-30ed-429d-9c67-359b3d753f00?environmentId=b80e16c3-5e02-43d3-ae1a-b8b67e977754:0
[ 7727157ms] [WARNING] The resource https://fonts.gstatic.com/s/ibmplexserif/v19/jizDREVNn1dOx-zrZ2X3pZvkTiUQ6SF-lPKgqWVL.woff2 was preloaded using link preload but not used within a few seconds from the window's load event. Please make sure it has an appropriate `as` value and it is preloaded intentionally. @ https://railway.com/project/c5b859b6-ef4b-47d6-a013-bc1ab3cbc444/service/1bf210ee-30ed-429d-9c67-359b3d753f00?environmentId=b80e16c3-5e02-43d3-ae1a-b8b67e977754:0
[ 8028653ms] [WARNING] The resource https://fonts.gstatic.com/s/ibmplexserif/v19/jizDREVNn1dOx-zrZ2X3pZvkTiUQ6SF-lPKgqWVL.woff2 was preloaded using link preload but not used within a few seconds from the window's load event. Please make sure it has an appropriate `as` value and it is preloaded intentionally. @ https://railway.com/project/c5b859b6-ef4b-47d6-a013-bc1ab3cbc444/service/1bf210ee-30ed-429d-9c67-359b3d753f00?environmentId=b80e16c3-5e02-43d3-ae1a-b8b67e977754:0
[ 8330156ms] [WARNING] The resource https://fonts.gstatic.com/s/ibmplexserif/v19/jizDREVNn1dOx-zrZ2X3pZvkTiUQ6SF-lPKgqWVL.woff2 was preloaded using link preload but not used within a few seconds from the window's load event. Please make sure it has an appropriate `as` value and it is preloaded intentionally. @ https://railway.com/project/c5b859b6-ef4b-47d6-a013-bc1ab3cbc444/service/1bf210ee-30ed-429d-9c67-359b3d753f00?environmentId=b80e16c3-5e02-43d3-ae1a-b8b67e977754:0
[ 8631605ms] [WARNING] The resource https://fonts.gstatic.com/s/ibmplexserif/v19/jizDREVNn1dOx-zrZ2X3pZvkTiUQ6SF-lPKgqWVL.woff2 was preloaded using link preload but not used within a few seconds from the window's load event. Please make sure it has an appropriate `as` value and it is preloaded intentionally. @ https://railway.com/project/c5b859b6-ef4b-47d6-a013-bc1ab3cbc444/service/1bf210ee-30ed-429d-9c67-359b3d753f00?environmentId=b80e16c3-5e02-43d3-ae1a-b8b67e977754:0
[ 8933159ms] [WARNING] The resource https://fonts.gstatic.com/s/ibmplexserif/v19/jizDREVNn1dOx-zrZ2X3pZvkTiUQ6SF-lPKgqWVL.woff2 was preloaded using link preload but not used within a few seconds from the window's load event. Please make sure it has an appropriate `as` value and it is preloaded intentionally. @ https://railway.com/project/c5b859b6-ef4b-47d6-a013-bc1ab3cbc444/service/1bf210ee-30ed-429d-9c67-359b3d753f00?environmentId=b80e16c3-5e02-43d3-ae1a-b8b67e977754:0
[ 9234633ms] [WARNING] The resource https://fonts.gstatic.com/s/ibmplexserif/v19/jizDREVNn1dOx-zrZ2X3pZvkTiUQ6SF-lPKgqWVL.woff2 was preloaded using link preload but not used within a few seconds from the window's load event. Please make sure it has an appropriate `as` value and it is preloaded intentionally. @ https://railway.com/project/c5b859b6-ef4b-47d6-a013-bc1ab3cbc444/service/1bf210ee-30ed-429d-9c67-359b3d753f00?environmentId=b80e16c3-5e02-43d3-ae1a-b8b67e977754:0
[ 9538146ms] [WARNING] The resource https://fonts.gstatic.com/s/ibmplexserif/v19/jizDREVNn1dOx-zrZ2X3pZvkTiUQ6SF-lPKgqWVL.woff2 was preloaded using link preload but not used within a few seconds from the window's load event. Please make sure it has an appropriate `as` value and it is preloaded intentionally. @ https://railway.com/project/c5b859b6-ef4b-47d6-a013-bc1ab3cbc444/service/1bf210ee-30ed-429d-9c67-359b3d753f00?environmentId=b80e16c3-5e02-43d3-ae1a-b8b67e977754:0
[ 9840961ms] [WARNING] The resource https://fonts.gstatic.com/s/ibmplexserif/v19/jizDREVNn1dOx-zrZ2X3pZvkTiUQ6SF-lPKgqWVL.woff2 was preloaded using link preload but not used within a few seconds from the window's load event. Please make sure it has an appropriate `as` value and it is preloaded intentionally. @ https://railway.com/project/c5b859b6-ef4b-47d6-a013-bc1ab3cbc444/service/1bf210ee-30ed-429d-9c67-359b3d753f00?environmentId=b80e16c3-5e02-43d3-ae1a-b8b67e977754:0
[10142915ms] [WARNING] The resource https://fonts.gstatic.com/s/ibmplexserif/v19/jizDREVNn1dOx-zrZ2X3pZvkTiUQ6SF-lPKgqWVL.woff2 was preloaded using link preload but not used within a few seconds from the window's load event. Please make sure it has an appropriate `as` value and it is preloaded intentionally. @ https://railway.com/project/c5b859b6-ef4b-47d6-a013-bc1ab3cbc444/service/1bf210ee-30ed-429d-9c67-359b3d753f00?environmentId=b80e16c3-5e02-43d3-ae1a-b8b67e977754:0
[10445765ms] [WARNING] The resource https://fonts.gstatic.com/s/ibmplexserif/v19/jizDREVNn1dOx-zrZ2X3pZvkTiUQ6SF-lPKgqWVL.woff2 was preloaded using link preload but not used within a few seconds from the window's load event. Please make sure it has an appropriate `as` value and it is preloaded intentionally. @ https://railway.com/project/c5b859b6-ef4b-47d6-a013-bc1ab3cbc444/service/1bf210ee-30ed-429d-9c67-359b3d753f00?environmentId=b80e16c3-5e02-43d3-ae1a-b8b67e977754:0
[10752184ms] [WARNING] The resource https://fonts.gstatic.com/s/ibmplexserif/v19/jizDREVNn1dOx-zrZ2X3pZvkTiUQ6SF-lPKgqWVL.woff2 was preloaded using link preload but not used within a few seconds from the window's load event. Please make sure it has an appropriate `as` value and it is preloaded intentionally. @ https://railway.com/project/c5b859b6-ef4b-47d6-a013-bc1ab3cbc444/service/1bf210ee-30ed-429d-9c67-359b3d753f00?environmentId=b80e16c3-5e02-43d3-ae1a-b8b67e977754:0
[11055831ms] [WARNING] The resource https://fonts.gstatic.com/s/ibmplexserif/v19/jizDREVNn1dOx-zrZ2X3pZvkTiUQ6SF-lPKgqWVL.woff2 was preloaded using link preload but not used within a few seconds from the window's load event. Please make sure it has an appropriate `as` value and it is preloaded intentionally. @ https://railway.com/project/c5b859b6-ef4b-47d6-a013-bc1ab3cbc444/service/1bf210ee-30ed-429d-9c67-359b3d753f00?environmentId=b80e16c3-5e02-43d3-ae1a-b8b67e977754:0
[11359179ms] [WARNING] The resource https://fonts.gstatic.com/s/ibmplexserif/v19/jizDREVNn1dOx-zrZ2X3pZvkTiUQ6SF-lPKgqWVL.woff2 was preloaded using link preload but not used within a few seconds from the window's load event. Please make sure it has an appropriate `as` value and it is preloaded intentionally. @ https://railway.com/project/c5b859b6-ef4b-47d6-a013-bc1ab3cbc444/service/1bf210ee-30ed-429d-9c67-359b3d753f00?environmentId=b80e16c3-5e02-43d3-ae1a-b8b67e977754:0
[11660663ms] [WARNING] The resource https://fonts.gstatic.com/s/ibmplexserif/v19/jizDREVNn1dOx-zrZ2X3pZvkTiUQ6SF-lPKgqWVL.woff2 was preloaded using link preload but not used within a few seconds from the window's load event. Please make sure it has an appropriate `as` value and it is preloaded intentionally. @ https://railway.com/project/c5b859b6-ef4b-47d6-a013-bc1ab3cbc444/service/1bf210ee-30ed-429d-9c67-359b3d753f00?environmentId=b80e16c3-5e02-43d3-ae1a-b8b67e977754:0
[11966748ms] [WARNING] The resource https://fonts.gstatic.com/s/ibmplexserif/v19/jizDREVNn1dOx-zrZ2X3pZvkTiUQ6SF-lPKgqWVL.woff2 was preloaded using link preload but not used within a few seconds from the window's load event. Please make sure it has an appropriate `as` value and it is preloaded intentionally. @ https://railway.com/project/c5b859b6-ef4b-47d6-a013-bc1ab3cbc444/service/1bf210ee-30ed-429d-9c67-359b3d753f00?environmentId=b80e16c3-5e02-43d3-ae1a-b8b67e977754:0
[12269396ms] [WARNING] The resource https://fonts.gstatic.com/s/ibmplexserif/v19/jizDREVNn1dOx-zrZ2X3pZvkTiUQ6SF-lPKgqWVL.woff2 was preloaded using link preload but not used within a few seconds from the window's load event. Please make sure it has an appropriate `as` value and it is preloaded intentionally. @ https://railway.com/project/c5b859b6-ef4b-47d6-a013-bc1ab3cbc444/service/1bf210ee-30ed-429d-9c67-359b3d753f00?environmentId=b80e16c3-5e02-43d3-ae1a-b8b67e977754:0
[12573225ms] [WARNING] The resource https://fonts.gstatic.com/s/ibmplexserif/v19/jizDREVNn1dOx-zrZ2X3pZvkTiUQ6SF-lPKgqWVL.woff2 was preloaded using link preload but not used within a few seconds from the window's load event. Please make sure it has an appropriate `as` value and it is preloaded intentionally. @ https://railway.com/project/c5b859b6-ef4b-47d6-a013-bc1ab3cbc444/service/1bf210ee-30ed-429d-9c67-359b3d753f00?environmentId=b80e16c3-5e02-43d3-ae1a-b8b67e977754:0
[12876666ms] [WARNING] The resource https://fonts.gstatic.com/s/ibmplexserif/v19/jizDREVNn1dOx-zrZ2X3pZvkTiUQ6SF-lPKgqWVL.woff2 was preloaded using link preload but not used within a few seconds from the window's load event. Please make sure it has an appropriate `as` value and it is preloaded intentionally. @ https://railway.com/project/c5b859b6-ef4b-47d6-a013-bc1ab3cbc444/service/1bf210ee-30ed-429d-9c67-359b3d753f00?environmentId=b80e16c3-5e02-43d3-ae1a-b8b67e977754:0
[13178722ms] [WARNING] The resource https://fonts.gstatic.com/s/ibmplexserif/v19/jizDREVNn1dOx-zrZ2X3pZvkTiUQ6SF-lPKgqWVL.woff2 was preloaded using link preload but not used within a few seconds from the window's load event. Please make sure it has an appropriate `as` value and it is preloaded intentionally. @ https://railway.com/project/c5b859b6-ef4b-47d6-a013-bc1ab3cbc444/service/1bf210ee-30ed-429d-9c67-359b3d753f00?environmentId=b80e16c3-5e02-43d3-ae1a-b8b67e977754:0
[13481022ms] [WARNING] The resource https://fonts.gstatic.com/s/ibmplexserif/v19/jizDREVNn1dOx-zrZ2X3pZvkTiUQ6SF-lPKgqWVL.woff2 was preloaded using link preload but not used within a few seconds from the window's load event. Please make sure it has an appropriate `as` value and it is preloaded intentionally. @ https://railway.com/project/c5b859b6-ef4b-47d6-a013-bc1ab3cbc444/service/1bf210ee-30ed-429d-9c67-359b3d753f00?environmentId=b80e16c3-5e02-43d3-ae1a-b8b67e977754:0
[13783175ms] [WARNING] The resource https://fonts.gstatic.com/s/ibmplexserif/v19/jizDREVNn1dOx-zrZ2X3pZvkTiUQ6SF-lPKgqWVL.woff2 was preloaded using link preload but not used within a few seconds from the window's load event. Please make sure it has an appropriate `as` value and it is preloaded intentionally. @ https://railway.com/project/c5b859b6-ef4b-47d6-a013-bc1ab3cbc444/service/1bf210ee-30ed-429d-9c67-359b3d753f00?environmentId=b80e16c3-5e02-43d3-ae1a-b8b67e977754:0
[14085467ms] [WARNING] The resource https://fonts.gstatic.com/s/ibmplexserif/v19/jizDREVNn1dOx-zrZ2X3pZvkTiUQ6SF-lPKgqWVL.woff2 was preloaded using link preload but not used within a few seconds from the window's load event. Please make sure it has an appropriate `as` value and it is preloaded intentionally. @ https://railway.com/project/c5b859b6-ef4b-47d6-a013-bc1ab3cbc444/service/1bf210ee-30ed-429d-9c67-359b3d753f00?environmentId=b80e16c3-5e02-43d3-ae1a-b8b67e977754:0
[14387597ms] [WARNING] The resource https://fonts.gstatic.com/s/ibmplexserif/v19/jizDREVNn1dOx-zrZ2X3pZvkTiUQ6SF-lPKgqWVL.woff2 was preloaded using link preload but not used within a few seconds from the window's load event. Please make sure it has an appropriate `as` value and it is preloaded intentionally. @ https://railway.com/project/c5b859b6-ef4b-47d6-a013-bc1ab3cbc444/service/1bf210ee-30ed-429d-9c67-359b3d753f00?environmentId=b80e16c3-5e02-43d3-ae1a-b8b67e977754:0
[14690872ms] [WARNING] The resource https://fonts.gstatic.com/s/ibmplexserif/v19/jizDREVNn1dOx-zrZ2X3pZvkTiUQ6SF-lPKgqWVL.woff2 was preloaded using link preload but not used within a few seconds from the window's load event. Please make sure it has an appropriate `as` value and it is preloaded intentionally. @ https://railway.com/project/c5b859b6-ef4b-47d6-a013-bc1ab3cbc444/service/1bf210ee-30ed-429d-9c67-359b3d753f00?environmentId=b80e16c3-5e02-43d3-ae1a-b8b67e977754:0
[14992996ms] [WARNING] The resource https://fonts.gstatic.com/s/ibmplexserif/v19/jizDREVNn1dOx-zrZ2X3pZvkTiUQ6SF-lPKgqWVL.woff2 was preloaded using link preload but not used within a few seconds from the window's load event. Please make sure it has an appropriate `as` value and it is preloaded intentionally. @ https://railway.com/project/c5b859b6-ef4b-47d6-a013-bc1ab3cbc444/service/1bf210ee-30ed-429d-9c67-359b3d753f00?environmentId=b80e16c3-5e02-43d3-ae1a-b8b67e977754:0
[15295106ms] [WARNING] The resource https://fonts.gstatic.com/s/ibmplexserif/v19/jizDREVNn1dOx-zrZ2X3pZvkTiUQ6SF-lPKgqWVL.woff2 was preloaded using link preload but not used within a few seconds from the window's load event. Please make sure it has an appropriate `as` value and it is preloaded intentionally. @ https://railway.com/project/c5b859b6-ef4b-47d6-a013-bc1ab3cbc444/service/1bf210ee-30ed-429d-9c67-359b3d753f00?environmentId=b80e16c3-5e02-43d3-ae1a-b8b67e977754:0
[15597243ms] [WARNING] The resource https://fonts.gstatic.com/s/ibmplexserif/v19/jizDREVNn1dOx-zrZ2X3pZvkTiUQ6SF-lPKgqWVL.woff2 was preloaded using link preload but not used within a few seconds from the window's load event. Please make sure it has an appropriate `as` value and it is preloaded intentionally. @ https://railway.com/project/c5b859b6-ef4b-47d6-a013-bc1ab3cbc444/service/1bf210ee-30ed-429d-9c67-359b3d753f00?environmentId=b80e16c3-5e02-43d3-ae1a-b8b67e977754:0
[15899462ms] [WARNING] The resource https://fonts.gstatic.com/s/ibmplexserif/v19/jizDREVNn1dOx-zrZ2X3pZvkTiUQ6SF-lPKgqWVL.woff2 was preloaded using link preload but not used within a few seconds from the window's load event. Please make sure it has an appropriate `as` value and it is preloaded intentionally. @ https://railway.com/project/c5b859b6-ef4b-47d6-a013-bc1ab3cbc444/service/1bf210ee-30ed-429d-9c67-359b3d753f00?environmentId=b80e16c3-5e02-43d3-ae1a-b8b67e977754:0
[16201709ms] [WARNING] The resource https://fonts.gstatic.com/s/ibmplexserif/v19/jizDREVNn1dOx-zrZ2X3pZvkTiUQ6SF-lPKgqWVL.woff2 was preloaded using link preload but not used within a few seconds from the window's load event. Please make sure it has an appropriate `as` value and it is preloaded intentionally. @ https://railway.com/project/c5b859b6-ef4b-47d6-a013-bc1ab3cbc444/service/1bf210ee-30ed-429d-9c67-359b3d753f00?environmentId=b80e16c3-5e02-43d3-ae1a-b8b67e977754:0
[16503861ms] [WARNING] The resource https://fonts.gstatic.com/s/ibmplexserif/v19/jizDREVNn1dOx-zrZ2X3pZvkTiUQ6SF-lPKgqWVL.woff2 was preloaded using link preload but not used within a few seconds from the window's load event. Please make sure it has an appropriate `as` value and it is preloaded intentionally. @ https://railway.com/project/c5b859b6-ef4b-47d6-a013-bc1ab3cbc444/service/1bf210ee-30ed-429d-9c67-359b3d753f00?environmentId=b80e16c3-5e02-43d3-ae1a-b8b67e977754:0
[16817728ms] [ERROR] Failed to load resource: net::ERR_CONNECTION_CLOSED @ https://backboard.railway.com/graphql/internal?q=notificationDeliveries:0
[16822933ms] [WARNING] The resource https://fonts.gstatic.com/s/ibmplexserif/v19/jizDREVNn1dOx-zrZ2X3pZvkTiUQ6SF-lPKgqWVL.woff2 was preloaded using link preload but not used within a few seconds from the window's load event. Please make sure it has an appropriate `as` value and it is preloaded intentionally. @ https://railway.com/project/c5b859b6-ef4b-47d6-a013-bc1ab3cbc444/service/1bf210ee-30ed-429d-9c67-359b3d753f00?environmentId=b80e16c3-5e02-43d3-ae1a-b8b67e977754:0
[17126301ms] [WARNING] The resource https://fonts.gstatic.com/s/ibmplexserif/v19/jizDREVNn1dOx-zrZ2X3pZvkTiUQ6SF-lPKgqWVL.woff2 was preloaded using link preload but not used within a few seconds from the window's load event. Please make sure it has an appropriate `as` value and it is preloaded intentionally. @ https://railway.com/project/c5b859b6-ef4b-47d6-a013-bc1ab3cbc444/service/1bf210ee-30ed-429d-9c67-359b3d753f00?environmentId=b80e16c3-5e02-43d3-ae1a-b8b67e977754:0
[17429195ms] [WARNING] The resource https://fonts.gstatic.com/s/ibmplexserif/v19/jizDREVNn1dOx-zrZ2X3pZvkTiUQ6SF-lPKgqWVL.woff2 was preloaded using link preload but not used within a few seconds from the window's load event. Please make sure it has an appropriate `as` value and it is preloaded intentionally. @ https://railway.com/project/c5b859b6-ef4b-47d6-a013-bc1ab3cbc444/service/1bf210ee-30ed-429d-9c67-359b3d753f00?environmentId=b80e16c3-5e02-43d3-ae1a-b8b67e977754:0
[17731079ms] [WARNING] The resource https://fonts.gstatic.com/s/ibmplexserif/v19/jizDREVNn1dOx-zrZ2X3pZvkTiUQ6SF-lPKgqWVL.woff2 was preloaded using link preload but not used within a few seconds from the window's load event. Please make sure it has an appropriate `as` value and it is preloaded intentionally. @ https://railway.com/project/c5b859b6-ef4b-47d6-a013-bc1ab3cbc444/service/1bf210ee-30ed-429d-9c67-359b3d753f00?environmentId=b80e16c3-5e02-43d3-ae1a-b8b67e977754:0
[18034874ms] [WARNING] The resource https://fonts.gstatic.com/s/ibmplexserif/v19/jizDREVNn1dOx-zrZ2X3pZvkTiUQ6SF-lPKgqWVL.woff2 was preloaded using link preload but not used within a few seconds from the window's load event. Please make sure it has an appropriate `as` value and it is preloaded intentionally. @ https://railway.com/project/c5b859b6-ef4b-47d6-a013-bc1ab3cbc444/service/1bf210ee-30ed-429d-9c67-359b3d753f00?environmentId=b80e16c3-5e02-43d3-ae1a-b8b67e977754:0
[18340019ms] [WARNING] The resource https://fonts.gstatic.com/s/ibmplexserif/v19/jizDREVNn1dOx-zrZ2X3pZvkTiUQ6SF-lPKgqWVL.woff2 was preloaded using link preload but not used within a few seconds from the window's load event. Please make sure it has an appropriate `as` value and it is preloaded intentionally. @ https://railway.com/project/c5b859b6-ef4b-47d6-a013-bc1ab3cbc444/service/1bf210ee-30ed-429d-9c67-359b3d753f00?environmentId=b80e16c3-5e02-43d3-ae1a-b8b67e977754:0
[18645129ms] [WARNING] The resource https://fonts.gstatic.com/s/ibmplexserif/v19/jizDREVNn1dOx-zrZ2X3pZvkTiUQ6SF-lPKgqWVL.woff2 was preloaded using link preload but not used within a few seconds from the window's load event. Please make sure it has an appropriate `as` value and it is preloaded intentionally. @ https://railway.com/project/c5b859b6-ef4b-47d6-a013-bc1ab3cbc444/service/1bf210ee-30ed-429d-9c67-359b3d753f00?environmentId=b80e16c3-5e02-43d3-ae1a-b8b67e977754:0
[18946585ms] [WARNING] The resource https://fonts.gstatic.com/s/ibmplexserif/v19/jizDREVNn1dOx-zrZ2X3pZvkTiUQ6SF-lPKgqWVL.woff2 was preloaded using link preload but not used within a few seconds from the window's load event. Please make sure it has an appropriate `as` value and it is preloaded intentionally. @ https://railway.com/project/c5b859b6-ef4b-47d6-a013-bc1ab3cbc444/service/1bf210ee-30ed-429d-9c67-359b3d753f00?environmentId=b80e16c3-5e02-43d3-ae1a-b8b67e977754:0
[19249478ms] [WARNING] The resource https://fonts.gstatic.com/s/ibmplexserif/v19/jizDREVNn1dOx-zrZ2X3pZvkTiUQ6SF-lPKgqWVL.woff2 was preloaded using link preload but not used within a few seconds from the window's load event. Please make sure it has an appropriate `as` value and it is preloaded intentionally. @ https://railway.com/project/c5b859b6-ef4b-47d6-a013-bc1ab3cbc444/service/1bf210ee-30ed-429d-9c67-359b3d753f00?environmentId=b80e16c3-5e02-43d3-ae1a-b8b67e977754:0
[19551201ms] [WARNING] The resource https://fonts.gstatic.com/s/ibmplexserif/v19/jizDREVNn1dOx-zrZ2X3pZvkTiUQ6SF-lPKgqWVL.woff2 was preloaded using link preload but not used within a few seconds from the window's load event. Please make sure it has an appropriate `as` value and it is preloaded intentionally. @ https://railway.com/project/c5b859b6-ef4b-47d6-a013-bc1ab3cbc444/service/1bf210ee-30ed-429d-9c67-359b3d753f00?environmentId=b80e16c3-5e02-43d3-ae1a-b8b67e977754:0
[19853759ms] [WARNING] The resource https://fonts.gstatic.com/s/ibmplexserif/v19/jizDREVNn1dOx-zrZ2X3pZvkTiUQ6SF-lPKgqWVL.woff2 was preloaded using link preload but not used within a few seconds from the window's load event. Please make sure it has an appropriate `as` value and it is preloaded intentionally. @ https://railway.com/project/c5b859b6-ef4b-47d6-a013-bc1ab3cbc444/service/1bf210ee-30ed-429d-9c67-359b3d753f00?environmentId=b80e16c3-5e02-43d3-ae1a-b8b67e977754:0
[20156257ms] [WARNING] The resource https://fonts.gstatic.com/s/ibmplexserif/v19/jizDREVNn1dOx-zrZ2X3pZvkTiUQ6SF-lPKgqWVL.woff2 was preloaded using link preload but not used within a few seconds from the window's load event. Please make sure it has an appropriate `as` value and it is preloaded intentionally. @ https://railway.com/project/c5b859b6-ef4b-47d6-a013-bc1ab3cbc444/service/1bf210ee-30ed-429d-9c67-359b3d753f00?environmentId=b80e16c3-5e02-43d3-ae1a-b8b67e977754:0
[20459127ms] [WARNING] The resource https://fonts.gstatic.com/s/ibmplexserif/v19/jizDREVNn1dOx-zrZ2X3pZvkTiUQ6SF-lPKgqWVL.woff2 was preloaded using link preload but not used within a few seconds from the window's load event. Please make sure it has an appropriate `as` value and it is preloaded intentionally. @ https://railway.com/project/c5b859b6-ef4b-47d6-a013-bc1ab3cbc444/service/1bf210ee-30ed-429d-9c67-359b3d753f00?environmentId=b80e16c3-5e02-43d3-ae1a-b8b67e977754:0
[20760692ms] [WARNING] The resource https://fonts.gstatic.com/s/ibmplexserif/v19/jizDREVNn1dOx-zrZ2X3pZvkTiUQ6SF-lPKgqWVL.woff2 was preloaded using link preload but not used within a few seconds from the window's load event. Please make sure it has an appropriate `as` value and it is preloaded intentionally. @ https://railway.com/project/c5b859b6-ef4b-47d6-a013-bc1ab3cbc444/service/1bf210ee-30ed-429d-9c67-359b3d753f00?environmentId=b80e16c3-5e02-43d3-ae1a-b8b67e977754:0
[21063820ms] [WARNING] The resource https://fonts.gstatic.com/s/ibmplexserif/v19/jizDREVNn1dOx-zrZ2X3pZvkTiUQ6SF-lPKgqWVL.woff2 was preloaded using link preload but not used within a few seconds from the window's load event. Please make sure it has an appropriate `as` value and it is preloaded intentionally. @ https://railway.com/project/c5b859b6-ef4b-47d6-a013-bc1ab3cbc444/service/1bf210ee-30ed-429d-9c67-359b3d753f00?environmentId=b80e16c3-5e02-43d3-ae1a-b8b67e977754:0
[21367048ms] [WARNING] The resource https://fonts.gstatic.com/s/ibmplexserif/v19/jizDREVNn1dOx-zrZ2X3pZvkTiUQ6SF-lPKgqWVL.woff2 was preloaded using link preload but not used within a few seconds from the window's load event. Please make sure it has an appropriate `as` value and it is preloaded intentionally. @ https://railway.com/project/c5b859b6-ef4b-47d6-a013-bc1ab3cbc444/service/1bf210ee-30ed-429d-9c67-359b3d753f00?environmentId=b80e16c3-5e02-43d3-ae1a-b8b67e977754:0
[21669639ms] [WARNING] The resource https://fonts.gstatic.com/s/ibmplexserif/v19/jizDREVNn1dOx-zrZ2X3pZvkTiUQ6SF-lPKgqWVL.woff2 was preloaded using link preload but not used within a few seconds from the window's load event. Please make sure it has an appropriate `as` value and it is preloaded intentionally. @ https://railway.com/project/c5b859b6-ef4b-47d6-a013-bc1ab3cbc444/service/1bf210ee-30ed-429d-9c67-359b3d753f00?environmentId=b80e16c3-5e02-43d3-ae1a-b8b67e977754:0
[21971862ms] [WARNING] The resource https://fonts.gstatic.com/s/ibmplexserif/v19/jizDREVNn1dOx-zrZ2X3pZvkTiUQ6SF-lPKgqWVL.woff2 was preloaded using link preload but not used within a few seconds from the window's load event. Please make sure it has an appropriate `as` value and it is preloaded intentionally. @ https://railway.com/project/c5b859b6-ef4b-47d6-a013-bc1ab3cbc444/service/1bf210ee-30ed-429d-9c67-359b3d753f00?environmentId=b80e16c3-5e02-43d3-ae1a-b8b67e977754:0
[22273356ms] [WARNING] The resource https://fonts.gstatic.com/s/ibmplexserif/v19/jizDREVNn1dOx-zrZ2X3pZvkTiUQ6SF-lPKgqWVL.woff2 was preloaded using link preload but not used within a few seconds from the window's load event. Please make sure it has an appropriate `as` value and it is preloaded intentionally. @ https://railway.com/project/c5b859b6-ef4b-47d6-a013-bc1ab3cbc444/service/1bf210ee-30ed-429d-9c67-359b3d753f00?environmentId=b80e16c3-5e02-43d3-ae1a-b8b67e977754:0
[22575045ms] [WARNING] The resource https://fonts.gstatic.com/s/ibmplexserif/v19/jizDREVNn1dOx-zrZ2X3pZvkTiUQ6SF-lPKgqWVL.woff2 was preloaded using link preload but not used within a few seconds from the window's load event. Please make sure it has an appropriate `as` value and it is preloaded intentionally. @ https://railway.com/project/c5b859b6-ef4b-47d6-a013-bc1ab3cbc444/service/1bf210ee-30ed-429d-9c67-359b3d753f00?environmentId=b80e16c3-5e02-43d3-ae1a-b8b67e977754:0
[22876773ms] [WARNING] The resource https://fonts.gstatic.com/s/ibmplexserif/v19/jizDREVNn1dOx-zrZ2X3pZvkTiUQ6SF-lPKgqWVL.woff2 was preloaded using link preload but not used within a few seconds from the window's load event. Please make sure it has an appropriate `as` value and it is preloaded intentionally. @ https://railway.com/project/c5b859b6-ef4b-47d6-a013-bc1ab3cbc444/service/1bf210ee-30ed-429d-9c67-359b3d753f00?environmentId=b80e16c3-5e02-43d3-ae1a-b8b67e977754:0
[23179685ms] [WARNING] The resource https://fonts.gstatic.com/s/ibmplexserif/v19/jizDREVNn1dOx-zrZ2X3pZvkTiUQ6SF-lPKgqWVL.woff2 was preloaded using link preload but not used within a few seconds from the window's load event. Please make sure it has an appropriate `as` value and it is preloaded intentionally. @ https://railway.com/project/c5b859b6-ef4b-47d6-a013-bc1ab3cbc444/service/1bf210ee-30ed-429d-9c67-359b3d753f00?environmentId=b80e16c3-5e02-43d3-ae1a-b8b67e977754:0
[23481467ms] [WARNING] The resource https://fonts.gstatic.com/s/ibmplexserif/v19/jizDREVNn1dOx-zrZ2X3pZvkTiUQ6SF-lPKgqWVL.woff2 was preloaded using link preload but not used within a few seconds from the window's load event. Please make sure it has an appropriate `as` value and it is preloaded intentionally. @ https://railway.com/project/c5b859b6-ef4b-47d6-a013-bc1ab3cbc444/service/1bf210ee-30ed-429d-9c67-359b3d753f00?environmentId=b80e16c3-5e02-43d3-ae1a-b8b67e977754:0
[23782932ms] [WARNING] The resource https://fonts.gstatic.com/s/ibmplexserif/v19/jizDREVNn1dOx-zrZ2X3pZvkTiUQ6SF-lPKgqWVL.woff2 was preloaded using link preload but not used within a few seconds from the window's load event. Please make sure it has an appropriate `as` value and it is preloaded intentionally. @ https://railway.com/project/c5b859b6-ef4b-47d6-a013-bc1ab3cbc444/service/1bf210ee-30ed-429d-9c67-359b3d753f00?environmentId=b80e16c3-5e02-43d3-ae1a-b8b67e977754:0
[24084428ms] [WARNING] The resource https://fonts.gstatic.com/s/ibmplexserif/v19/jizDREVNn1dOx-zrZ2X3pZvkTiUQ6SF-lPKgqWVL.woff2 was preloaded using link preload but not used within a few seconds from the window's load event. Please make sure it has an appropriate `as` value and it is preloaded intentionally. @ https://railway.com/project/c5b859b6-ef4b-47d6-a013-bc1ab3cbc444/service/1bf210ee-30ed-429d-9c67-359b3d753f00?environmentId=b80e16c3-5e02-43d3-ae1a-b8b67e977754:0
[24385877ms] [WARNING] The resource https://fonts.gstatic.com/s/ibmplexserif/v19/jizDREVNn1dOx-zrZ2X3pZvkTiUQ6SF-lPKgqWVL.woff2 was preloaded using link preload but not used within a few seconds from the window's load event. Please make sure it has an appropriate `as` value and it is preloaded intentionally. @ https://railway.com/project/c5b859b6-ef4b-47d6-a013-bc1ab3cbc444/service/1bf210ee-30ed-429d-9c67-359b3d753f00?environmentId=b80e16c3-5e02-43d3-ae1a-b8b67e977754:0
[24687354ms] [WARNING] The resource https://fonts.gstatic.com/s/ibmplexserif/v19/jizDREVNn1dOx-zrZ2X3pZvkTiUQ6SF-lPKgqWVL.woff2 was preloaded using link preload but not used within a few seconds from the window's load event. Please make sure it has an appropriate `as` value and it is preloaded intentionally. @ https://railway.com/project/c5b859b6-ef4b-47d6-a013-bc1ab3cbc444/service/1bf210ee-30ed-429d-9c67-359b3d753f00?environmentId=b80e16c3-5e02-43d3-ae1a-b8b67e977754:0
[24989248ms] [WARNING] The resource https://fonts.gstatic.com/s/ibmplexserif/v19/jizDREVNn1dOx-zrZ2X3pZvkTiUQ6SF-lPKgqWVL.woff2 was preloaded using link preload but not used within a few seconds from the window's load event. Please make sure it has an appropriate `as` value and it is preloaded intentionally. @ https://railway.com/project/c5b859b6-ef4b-47d6-a013-bc1ab3cbc444/service/1bf210ee-30ed-429d-9c67-359b3d753f00?environmentId=b80e16c3-5e02-43d3-ae1a-b8b67e977754:0
[25291811ms] [WARNING] The resource https://fonts.gstatic.com/s/ibmplexserif/v19/jizDREVNn1dOx-zrZ2X3pZvkTiUQ6SF-lPKgqWVL.woff2 was preloaded using link preload but not used within a few seconds from the window's load event. Please make sure it has an appropriate `as` value and it is preloaded intentionally. @ https://railway.com/project/c5b859b6-ef4b-47d6-a013-bc1ab3cbc444/service/1bf210ee-30ed-429d-9c67-359b3d753f00?environmentId=b80e16c3-5e02-43d3-ae1a-b8b67e977754:0
[25595758ms] [WARNING] The resource https://fonts.gstatic.com/s/ibmplexserif/v19/jizDREVNn1dOx-zrZ2X3pZvkTiUQ6SF-lPKgqWVL.woff2 was preloaded using link preload but not used within a few seconds from the window's load event. Please make sure it has an appropriate `as` value and it is preloaded intentionally. @ https://railway.com/project/c5b859b6-ef4b-47d6-a013-bc1ab3cbc444/service/1bf210ee-30ed-429d-9c67-359b3d753f00?environmentId=b80e16c3-5e02-43d3-ae1a-b8b67e977754:0
[25897230ms] [WARNING] The resource https://fonts.gstatic.com/s/ibmplexserif/v19/jizDREVNn1dOx-zrZ2X3pZvkTiUQ6SF-lPKgqWVL.woff2 was preloaded using link preload but not used within a few seconds from the window's load event. Please make sure it has an appropriate `as` value and it is preloaded intentionally. @ https://railway.com/project/c5b859b6-ef4b-47d6-a013-bc1ab3cbc444/service/1bf210ee-30ed-429d-9c67-359b3d753f00?environmentId=b80e16c3-5e02-43d3-ae1a-b8b67e977754:0
[26200277ms] [WARNING] The resource https://fonts.gstatic.com/s/ibmplexserif/v19/jizDREVNn1dOx-zrZ2X3pZvkTiUQ6SF-lPKgqWVL.woff2 was preloaded using link preload but not used within a few seconds from the window's load event. Please make sure it has an appropriate `as` value and it is preloaded intentionally. @ https://railway.com/project/c5b859b6-ef4b-47d6-a013-bc1ab3cbc444/service/1bf210ee-30ed-429d-9c67-359b3d753f00?environmentId=b80e16c3-5e02-43d3-ae1a-b8b67e977754:0
[26503341ms] [WARNING] The resource https://fonts.gstatic.com/s/ibmplexserif/v19/jizDREVNn1dOx-zrZ2X3pZvkTiUQ6SF-lPKgqWVL.woff2 was preloaded using link preload but not used within a few seconds from the window's load event. Please make sure it has an appropriate `as` value and it is preloaded intentionally. @ https://railway.com/project/c5b859b6-ef4b-47d6-a013-bc1ab3cbc444/service/1bf210ee-30ed-429d-9c67-359b3d753f00?environmentId=b80e16c3-5e02-43d3-ae1a-b8b67e977754:0
[26806446ms] [WARNING] The resource https://fonts.gstatic.com/s/ibmplexserif/v19/jizDREVNn1dOx-zrZ2X3pZvkTiUQ6SF-lPKgqWVL.woff2 was preloaded using link preload but not used within a few seconds from the window's load event. Please make sure it has an appropriate `as` value and it is preloaded intentionally. @ https://railway.com/project/c5b859b6-ef4b-47d6-a013-bc1ab3cbc444/service/1bf210ee-30ed-429d-9c67-359b3d753f00?environmentId=b80e16c3-5e02-43d3-ae1a-b8b67e977754:0
[27109657ms] [WARNING] The resource https://fonts.gstatic.com/s/ibmplexserif/v19/jizDREVNn1dOx-zrZ2X3pZvkTiUQ6SF-lPKgqWVL.woff2 was preloaded using link preload but not used within a few seconds from the window's load event. Please make sure it has an appropriate `as` value and it is preloaded intentionally. @ https://railway.com/project/c5b859b6-ef4b-47d6-a013-bc1ab3cbc444/service/1bf210ee-30ed-429d-9c67-359b3d753f00?environmentId=b80e16c3-5e02-43d3-ae1a-b8b67e977754:0
[27412721ms] [WARNING] The resource https://fonts.gstatic.com/s/ibmplexserif/v19/jizDREVNn1dOx-zrZ2X3pZvkTiUQ6SF-lPKgqWVL.woff2 was preloaded using link preload but not used within a few seconds from the window's load event. Please make sure it has an appropriate `as` value and it is preloaded intentionally. @ https://railway.com/project/c5b859b6-ef4b-47d6-a013-bc1ab3cbc444/service/1bf210ee-30ed-429d-9c67-359b3d753f00?environmentId=b80e16c3-5e02-43d3-ae1a-b8b67e977754:0
[27715770ms] [WARNING] The resource https://fonts.gstatic.com/s/ibmplexserif/v19/jizDREVNn1dOx-zrZ2X3pZvkTiUQ6SF-lPKgqWVL.woff2 was preloaded using link preload but not used within a few seconds from the window's load event. Please make sure it has an appropriate `as` value and it is preloaded intentionally. @ https://railway.com/project/c5b859b6-ef4b-47d6-a013-bc1ab3cbc444/service/1bf210ee-30ed-429d-9c67-359b3d753f00?environmentId=b80e16c3-5e02-43d3-ae1a-b8b67e977754:0
[28018942ms] [WARNING] The resource https://fonts.gstatic.com/s/ibmplexserif/v19/jizDREVNn1dOx-zrZ2X3pZvkTiUQ6SF-lPKgqWVL.woff2 was preloaded using link preload but not used within a few seconds from the window's load event. Please make sure it has an appropriate `as` value and it is preloaded intentionally. @ https://railway.com/project/c5b859b6-ef4b-47d6-a013-bc1ab3cbc444/service/1bf210ee-30ed-429d-9c67-359b3d753f00?environmentId=b80e16c3-5e02-43d3-ae1a-b8b67e977754:0
[28321944ms] [WARNING] The resource https://fonts.gstatic.com/s/ibmplexserif/v19/jizDREVNn1dOx-zrZ2X3pZvkTiUQ6SF-lPKgqWVL.woff2 was preloaded using link preload but not used within a few seconds from the window's load event. Please make sure it has an appropriate `as` value and it is preloaded intentionally. @ https://railway.com/project/c5b859b6-ef4b-47d6-a013-bc1ab3cbc444/service/1bf210ee-30ed-429d-9c67-359b3d753f00?environmentId=b80e16c3-5e02-43d3-ae1a-b8b67e977754:0
[28625182ms] [WARNING] The resource https://fonts.gstatic.com/s/ibmplexserif/v19/jizDREVNn1dOx-zrZ2X3pZvkTiUQ6SF-lPKgqWVL.woff2 was preloaded using link preload but not used within a few seconds from the window's load event. Please make sure it has an appropriate `as` value and it is preloaded intentionally. @ https://railway.com/project/c5b859b6-ef4b-47d6-a013-bc1ab3cbc444/service/1bf210ee-30ed-429d-9c67-359b3d753f00?environmentId=b80e16c3-5e02-43d3-ae1a-b8b67e977754:0
[28928423ms] [WARNING] The resource https://fonts.gstatic.com/s/ibmplexserif/v19/jizDREVNn1dOx-zrZ2X3pZvkTiUQ6SF-lPKgqWVL.woff2 was preloaded using link preload but not used within a few seconds from the window's load event. Please make sure it has an appropriate `as` value and it is preloaded intentionally. @ https://railway.com/project/c5b859b6-ef4b-47d6-a013-bc1ab3cbc444/service/1bf210ee-30ed-429d-9c67-359b3d753f00?environmentId=b80e16c3-5e02-43d3-ae1a-b8b67e977754:0
[29233169ms] [WARNING] The resource https://fonts.gstatic.com/s/ibmplexserif/v19/jizDREVNn1dOx-zrZ2X3pZvkTiUQ6SF-lPKgqWVL.woff2 was preloaded using link preload but not used within a few seconds from the window's load event. Please make sure it has an appropriate `as` value and it is preloaded intentionally. @ https://railway.com/project/c5b859b6-ef4b-47d6-a013-bc1ab3cbc444/service/1bf210ee-30ed-429d-9c67-359b3d753f00?environmentId=b80e16c3-5e02-43d3-ae1a-b8b67e977754:0
[29536192ms] [WARNING] The resource https://fonts.gstatic.com/s/ibmplexserif/v19/jizDREVNn1dOx-zrZ2X3pZvkTiUQ6SF-lPKgqWVL.woff2 was preloaded using link preload but not used within a few seconds from the window's load event. Please make sure it has an appropriate `as` value and it is preloaded intentionally. @ https://railway.com/project/c5b859b6-ef4b-47d6-a013-bc1ab3cbc444/service/1bf210ee-30ed-429d-9c67-359b3d753f00?environmentId=b80e16c3-5e02-43d3-ae1a-b8b67e977754:0
[29839293ms] [WARNING] The resource https://fonts.gstatic.com/s/ibmplexserif/v19/jizDREVNn1dOx-zrZ2X3pZvkTiUQ6SF-lPKgqWVL.woff2 was preloaded using link preload but not used within a few seconds from the window's load event. Please make sure it has an appropriate `as` value and it is preloaded intentionally. @ https://railway.com/project/c5b859b6-ef4b-47d6-a013-bc1ab3cbc444/service/1bf210ee-30ed-429d-9c67-359b3d753f00?environmentId=b80e16c3-5e02-43d3-ae1a-b8b67e977754:0
[30142378ms] [WARNING] The resource https://fonts.gstatic.com/s/ibmplexserif/v19/jizDREVNn1dOx-zrZ2X3pZvkTiUQ6SF-lPKgqWVL.woff2 was preloaded using link preload but not used within a few seconds from the window's load event. Please make sure it has an appropriate `as` value and it is preloaded intentionally. @ https://railway.com/project/c5b859b6-ef4b-47d6-a013-bc1ab3cbc444/service/1bf210ee-30ed-429d-9c67-359b3d753f00?environmentId=b80e16c3-5e02-43d3-ae1a-b8b67e977754:0
[30443809ms] [WARNING] The resource https://fonts.gstatic.com/s/ibmplexserif/v19/jizDREVNn1dOx-zrZ2X3pZvkTiUQ6SF-lPKgqWVL.woff2 was preloaded using link preload but not used within a few seconds from the window's load event. Please make sure it has an appropriate `as` value and it is preloaded intentionally. @ https://railway.com/project/c5b859b6-ef4b-47d6-a013-bc1ab3cbc444/service/1bf210ee-30ed-429d-9c67-359b3d753f00?environmentId=b80e16c3-5e02-43d3-ae1a-b8b67e977754:0
[30745249ms] [WARNING] The resource https://fonts.gstatic.com/s/ibmplexserif/v19/jizDREVNn1dOx-zrZ2X3pZvkTiUQ6SF-lPKgqWVL.woff2 was preloaded using link preload but not used within a few seconds from the window's load event. Please make sure it has an appropriate `as` value and it is preloaded intentionally. @ https://railway.com/project/c5b859b6-ef4b-47d6-a013-bc1ab3cbc444/service/1bf210ee-30ed-429d-9c67-359b3d753f00?environmentId=b80e16c3-5e02-43d3-ae1a-b8b67e977754:0
[31046659ms] [WARNING] The resource https://fonts.gstatic.com/s/ibmplexserif/v19/jizDREVNn1dOx-zrZ2X3pZvkTiUQ6SF-lPKgqWVL.woff2 was preloaded using link preload but not used within a few seconds from the window's load event. Please make sure it has an appropriate `as` value and it is preloaded intentionally. @ https://railway.com/project/c5b859b6-ef4b-47d6-a013-bc1ab3cbc444/service/1bf210ee-30ed-429d-9c67-359b3d753f00?environmentId=b80e16c3-5e02-43d3-ae1a-b8b67e977754:0
[31348766ms] [WARNING] The resource https://fonts.gstatic.com/s/ibmplexserif/v19/jizDREVNn1dOx-zrZ2X3pZvkTiUQ6SF-lPKgqWVL.woff2 was preloaded using link preload but not used within a few seconds from the window's load event. Please make sure it has an appropriate `as` value and it is preloaded intentionally. @ https://railway.com/project/c5b859b6-ef4b-47d6-a013-bc1ab3cbc444/service/1bf210ee-30ed-429d-9c67-359b3d753f00?environmentId=b80e16c3-5e02-43d3-ae1a-b8b67e977754:0
[31650276ms] [WARNING] The resource https://fonts.gstatic.com/s/ibmplexserif/v19/jizDREVNn1dOx-zrZ2X3pZvkTiUQ6SF-lPKgqWVL.woff2 was preloaded using link preload but not used within a few seconds from the window's load event. Please make sure it has an appropriate `as` value and it is preloaded intentionally. @ https://railway.com/project/c5b859b6-ef4b-47d6-a013-bc1ab3cbc444/service/1bf210ee-30ed-429d-9c67-359b3d753f00?environmentId=b80e16c3-5e02-43d3-ae1a-b8b67e977754:0
[31954253ms] [WARNING] The resource https://fonts.gstatic.com/s/ibmplexserif/v19/jizDREVNn1dOx-zrZ2X3pZvkTiUQ6SF-lPKgqWVL.woff2 was preloaded using link preload but not used within a few seconds from the window's load event. Please make sure it has an appropriate `as` value and it is preloaded intentionally. @ https://railway.com/project/c5b859b6-ef4b-47d6-a013-bc1ab3cbc444/service/1bf210ee-30ed-429d-9c67-359b3d753f00?environmentId=b80e16c3-5e02-43d3-ae1a-b8b67e977754:0
[32255695ms] [WARNING] The resource https://fonts.gstatic.com/s/ibmplexserif/v19/jizDREVNn1dOx-zrZ2X3pZvkTiUQ6SF-lPKgqWVL.woff2 was preloaded using link preload but not used within a few seconds from the window's load event. Please make sure it has an appropriate `as` value and it is preloaded intentionally. @ https://railway.com/project/c5b859b6-ef4b-47d6-a013-bc1ab3cbc444/service/1bf210ee-30ed-429d-9c67-359b3d753f00?environmentId=b80e16c3-5e02-43d3-ae1a-b8b67e977754:0
[32557176ms] [WARNING] The resource https://fonts.gstatic.com/s/ibmplexserif/v19/jizDREVNn1dOx-zrZ2X3pZvkTiUQ6SF-lPKgqWVL.woff2 was preloaded using link preload but not used within a few seconds from the window's load event. Please make sure it has an appropriate `as` value and it is preloaded intentionally. @ https://railway.com/project/c5b859b6-ef4b-47d6-a013-bc1ab3cbc444/service/1bf210ee-30ed-429d-9c67-359b3d753f00?environmentId=b80e16c3-5e02-43d3-ae1a-b8b67e977754:0
[32859367ms] [WARNING] The resource https://fonts.gstatic.com/s/ibmplexserif/v19/jizDREVNn1dOx-zrZ2X3pZvkTiUQ6SF-lPKgqWVL.woff2 was preloaded using link preload but not used within a few seconds from the window's load event. Please make sure it has an appropriate `as` value and it is preloaded intentionally. @ https://railway.com/project/c5b859b6-ef4b-47d6-a013-bc1ab3cbc444/service/1bf210ee-30ed-429d-9c67-359b3d753f00?environmentId=b80e16c3-5e02-43d3-ae1a-b8b67e977754:0
[33160789ms] [WARNING] The resource https://fonts.gstatic.com/s/ibmplexserif/v19/jizDREVNn1dOx-zrZ2X3pZvkTiUQ6SF-lPKgqWVL.woff2 was preloaded using link preload but not used within a few seconds from the window's load event. Please make sure it has an appropriate `as` value and it is preloaded intentionally. @ https://railway.com/project/c5b859b6-ef4b-47d6-a013-bc1ab3cbc444/service/1bf210ee-30ed-429d-9c67-359b3d753f00?environmentId=b80e16c3-5e02-43d3-ae1a-b8b67e977754:0
[33462230ms] [WARNING] The resource https://fonts.gstatic.com/s/ibmplexserif/v19/jizDREVNn1dOx-zrZ2X3pZvkTiUQ6SF-lPKgqWVL.woff2 was preloaded using link preload but not used within a few seconds from the window's load event. Please make sure it has an appropriate `as` value and it is preloaded intentionally. @ https://railway.com/project/c5b859b6-ef4b-47d6-a013-bc1ab3cbc444/service/1bf210ee-30ed-429d-9c67-359b3d753f00?environmentId=b80e16c3-5e02-43d3-ae1a-b8b67e977754:0
[33763984ms] [WARNING] The resource https://fonts.gstatic.com/s/ibmplexserif/v19/jizDREVNn1dOx-zrZ2X3pZvkTiUQ6SF-lPKgqWVL.woff2 was preloaded using link preload but not used within a few seconds from the window's load event. Please make sure it has an appropriate `as` value and it is preloaded intentionally. @ https://railway.com/project/c5b859b6-ef4b-47d6-a013-bc1ab3cbc444/service/1bf210ee-30ed-429d-9c67-359b3d753f00?environmentId=b80e16c3-5e02-43d3-ae1a-b8b67e977754:0
[34065445ms] [WARNING] The resource https://fonts.gstatic.com/s/ibmplexserif/v19/jizDREVNn1dOx-zrZ2X3pZvkTiUQ6SF-lPKgqWVL.woff2 was preloaded using link preload but not used within a few seconds from the window's load event. Please make sure it has an appropriate `as` value and it is preloaded intentionally. @ https://railway.com/project/c5b859b6-ef4b-47d6-a013-bc1ab3cbc444/service/1bf210ee-30ed-429d-9c67-359b3d753f00?environmentId=b80e16c3-5e02-43d3-ae1a-b8b67e977754:0
[34368414ms] [WARNING] The resource https://fonts.gstatic.com/s/ibmplexserif/v19/jizDREVNn1dOx-zrZ2X3pZvkTiUQ6SF-lPKgqWVL.woff2 was preloaded using link preload but not used within a few seconds from the window's load event. Please make sure it has an appropriate `as` value and it is preloaded intentionally. @ https://railway.com/project/c5b859b6-ef4b-47d6-a013-bc1ab3cbc444/service/1bf210ee-30ed-429d-9c67-359b3d753f00?environmentId=b80e16c3-5e02-43d3-ae1a-b8b67e977754:0
[34669868ms] [WARNING] The resource https://fonts.gstatic.com/s/ibmplexserif/v19/jizDREVNn1dOx-zrZ2X3pZvkTiUQ6SF-lPKgqWVL.woff2 was preloaded using link preload but not used within a few seconds from the window's load event. Please make sure it has an appropriate `as` value and it is preloaded intentionally. @ https://railway.com/project/c5b859b6-ef4b-47d6-a013-bc1ab3cbc444/service/1bf210ee-30ed-429d-9c67-359b3d753f00?environmentId=b80e16c3-5e02-43d3-ae1a-b8b67e977754:0
[34971614ms] [WARNING] The resource https://fonts.gstatic.com/s/ibmplexserif/v19/jizDREVNn1dOx-zrZ2X3pZvkTiUQ6SF-lPKgqWVL.woff2 was preloaded using link preload but not used within a few seconds from the window's load event. Please make sure it has an appropriate `as` value and it is preloaded intentionally. @ https://railway.com/project/c5b859b6-ef4b-47d6-a013-bc1ab3cbc444/service/1bf210ee-30ed-429d-9c67-359b3d753f00?environmentId=b80e16c3-5e02-43d3-ae1a-b8b67e977754:0
[35273966ms] [WARNING] The resource https://fonts.gstatic.com/s/ibmplexserif/v19/jizDREVNn1dOx-zrZ2X3pZvkTiUQ6SF-lPKgqWVL.woff2 was preloaded using link preload but not used within a few seconds from the window's load event. Please make sure it has an appropriate `as` value and it is preloaded intentionally. @ https://railway.com/project/c5b859b6-ef4b-47d6-a013-bc1ab3cbc444/service/1bf210ee-30ed-429d-9c67-359b3d753f00?environmentId=b80e16c3-5e02-43d3-ae1a-b8b67e977754:0
[35576765ms] [WARNING] The resource https://fonts.gstatic.com/s/ibmplexserif/v19/jizDREVNn1dOx-zrZ2X3pZvkTiUQ6SF-lPKgqWVL.woff2 was preloaded using link preload but not used within a few seconds from the window's load event. Please make sure it has an appropriate `as` value and it is preloaded intentionally. @ https://railway.com/project/c5b859b6-ef4b-47d6-a013-bc1ab3cbc444/service/1bf210ee-30ed-429d-9c67-359b3d753f00?environmentId=b80e16c3-5e02-43d3-ae1a-b8b67e977754:0
[35880599ms] [WARNING] The resource https://fonts.gstatic.com/s/ibmplexserif/v19/jizDREVNn1dOx-zrZ2X3pZvkTiUQ6SF-lPKgqWVL.woff2 was preloaded using link preload but not used within a few seconds from the window's load event. Please make sure it has an appropriate `as` value and it is preloaded intentionally. @ https://railway.com/project/c5b859b6-ef4b-47d6-a013-bc1ab3cbc444/service/1bf210ee-30ed-429d-9c67-359b3d753f00?environmentId=b80e16c3-5e02-43d3-ae1a-b8b67e977754:0
[36184565ms] [WARNING] The resource https://fonts.gstatic.com/s/ibmplexserif/v19/jizDREVNn1dOx-zrZ2X3pZvkTiUQ6SF-lPKgqWVL.woff2 was preloaded using link preload but not used within a few seconds from the window's load event. Please make sure it has an appropriate `as` value and it is preloaded intentionally. @ https://railway.com/project/c5b859b6-ef4b-47d6-a013-bc1ab3cbc444/service/1bf210ee-30ed-429d-9c67-359b3d753f00?environmentId=b80e16c3-5e02-43d3-ae1a-b8b67e977754:0
[36488447ms] [WARNING] The resource https://fonts.gstatic.com/s/ibmplexserif/v19/jizDREVNn1dOx-zrZ2X3pZvkTiUQ6SF-lPKgqWVL.woff2 was preloaded using link preload but not used within a few seconds from the window's load event. Please make sure it has an appropriate `as` value and it is preloaded intentionally. @ https://railway.com/project/c5b859b6-ef4b-47d6-a013-bc1ab3cbc444/service/1bf210ee-30ed-429d-9c67-359b3d753f00?environmentId=b80e16c3-5e02-43d3-ae1a-b8b67e977754:0
[36790931ms] [WARNING] The resource https://fonts.gstatic.com/s/ibmplexserif/v19/jizDREVNn1dOx-zrZ2X3pZvkTiUQ6SF-lPKgqWVL.woff2 was preloaded using link preload but not used within a few seconds from the window's load event. Please make sure it has an appropriate `as` value and it is preloaded intentionally. @ https://railway.com/project/c5b859b6-ef4b-47d6-a013-bc1ab3cbc444/service/1bf210ee-30ed-429d-9c67-359b3d753f00?environmentId=b80e16c3-5e02-43d3-ae1a-b8b67e977754:0
[37093687ms] [WARNING] The resource https://fonts.gstatic.com/s/ibmplexserif/v19/jizDREVNn1dOx-zrZ2X3pZvkTiUQ6SF-lPKgqWVL.woff2 was preloaded using link preload but not used within a few seconds from the window's load event. Please make sure it has an appropriate `as` value and it is preloaded intentionally. @ https://railway.com/project/c5b859b6-ef4b-47d6-a013-bc1ab3cbc444/service/1bf210ee-30ed-429d-9c67-359b3d753f00?environmentId=b80e16c3-5e02-43d3-ae1a-b8b67e977754:0
[37395894ms] [WARNING] The resource https://fonts.gstatic.com/s/ibmplexserif/v19/jizDREVNn1dOx-zrZ2X3pZvkTiUQ6SF-lPKgqWVL.woff2 was preloaded using link preload but not used within a few seconds from the window's load event. Please make sure it has an appropriate `as` value and it is preloaded intentionally. @ https://railway.com/project/c5b859b6-ef4b-47d6-a013-bc1ab3cbc444/service/1bf210ee-30ed-429d-9c67-359b3d753f00?environmentId=b80e16c3-5e02-43d3-ae1a-b8b67e977754:0
[37697481ms] [WARNING] The resource https://fonts.gstatic.com/s/ibmplexserif/v19/jizDREVNn1dOx-zrZ2X3pZvkTiUQ6SF-lPKgqWVL.woff2 was preloaded using link preload but not used within a few seconds from the window's load event. Please make sure it has an appropriate `as` value and it is preloaded intentionally. @ https://railway.com/project/c5b859b6-ef4b-47d6-a013-bc1ab3cbc444/service/1bf210ee-30ed-429d-9c67-359b3d753f00?environmentId=b80e16c3-5e02-43d3-ae1a-b8b67e977754:0
[37999158ms] [WARNING] The resource https://fonts.gstatic.com/s/ibmplexserif/v19/jizDREVNn1dOx-zrZ2X3pZvkTiUQ6SF-lPKgqWVL.woff2 was preloaded using link preload but not used within a few seconds from the window's load event. Please make sure it has an appropriate `as` value and it is preloaded intentionally. @ https://railway.com/project/c5b859b6-ef4b-47d6-a013-bc1ab3cbc444/service/1bf210ee-30ed-429d-9c67-359b3d753f00?environmentId=b80e16c3-5e02-43d3-ae1a-b8b67e977754:0
[38300721ms] [WARNING] The resource https://fonts.gstatic.com/s/ibmplexserif/v19/jizDREVNn1dOx-zrZ2X3pZvkTiUQ6SF-lPKgqWVL.woff2 was preloaded using link preload but not used within a few seconds from the window's load event. Please make sure it has an appropriate `as` value and it is preloaded intentionally. @ https://railway.com/project/c5b859b6-ef4b-47d6-a013-bc1ab3cbc444/service/1bf210ee-30ed-429d-9c67-359b3d753f00?environmentId=b80e16c3-5e02-43d3-ae1a-b8b67e977754:0
[38602539ms] [WARNING] The resource https://fonts.gstatic.com/s/ibmplexserif/v19/jizDREVNn1dOx-zrZ2X3pZvkTiUQ6SF-lPKgqWVL.woff2 was preloaded using link preload but not used within a few seconds from the window's load event. Please make sure it has an appropriate `as` value and it is preloaded intentionally. @ https://railway.com/project/c5b859b6-ef4b-47d6-a013-bc1ab3cbc444/service/1bf210ee-30ed-429d-9c67-359b3d753f00?environmentId=b80e16c3-5e02-43d3-ae1a-b8b67e977754:0
[38904105ms] [WARNING] The resource https://fonts.gstatic.com/s/ibmplexserif/v19/jizDREVNn1dOx-zrZ2X3pZvkTiUQ6SF-lPKgqWVL.woff2 was preloaded using link preload but not used within a few seconds from the window's load event. Please make sure it has an appropriate `as` value and it is preloaded intentionally. @ https://railway.com/project/c5b859b6-ef4b-47d6-a013-bc1ab3cbc444/service/1bf210ee-30ed-429d-9c67-359b3d753f00?environmentId=b80e16c3-5e02-43d3-ae1a-b8b67e977754:0
[39206068ms] [WARNING] The resource https://fonts.gstatic.com/s/ibmplexserif/v19/jizDREVNn1dOx-zrZ2X3pZvkTiUQ6SF-lPKgqWVL.woff2 was preloaded using link preload but not used within a few seconds from the window's load event. Please make sure it has an appropriate `as` value and it is preloaded intentionally. @ https://railway.com/project/c5b859b6-ef4b-47d6-a013-bc1ab3cbc444/service/1bf210ee-30ed-429d-9c67-359b3d753f00?environmentId=b80e16c3-5e02-43d3-ae1a-b8b67e977754:0
[39507640ms] [WARNING] The resource https://fonts.gstatic.com/s/ibmplexserif/v19/jizDREVNn1dOx-zrZ2X3pZvkTiUQ6SF-lPKgqWVL.woff2 was preloaded using link preload but not used within a few seconds from the window's load event. Please make sure it has an appropriate `as` value and it is preloaded intentionally. @ https://railway.com/project/c5b859b6-ef4b-47d6-a013-bc1ab3cbc444/service/1bf210ee-30ed-429d-9c67-359b3d753f00?environmentId=b80e16c3-5e02-43d3-ae1a-b8b67e977754:0
[39810565ms] [WARNING] The resource https://fonts.gstatic.com/s/ibmplexserif/v19/jizDREVNn1dOx-zrZ2X3pZvkTiUQ6SF-lPKgqWVL.woff2 was preloaded using link preload but not used within a few seconds from the window's load event. Please make sure it has an appropriate `as` value and it is preloaded intentionally. @ https://railway.com/project/c5b859b6-ef4b-47d6-a013-bc1ab3cbc444/service/1bf210ee-30ed-429d-9c67-359b3d753f00?environmentId=b80e16c3-5e02-43d3-ae1a-b8b67e977754:0
[40117361ms] [WARNING] The resource https://fonts.gstatic.com/s/ibmplexserif/v19/jizDREVNn1dOx-zrZ2X3pZvkTiUQ6SF-lPKgqWVL.woff2 was preloaded using link preload but not used within a few seconds from the window's load event. Please make sure it has an appropriate `as` value and it is preloaded intentionally. @ https://railway.com/project/c5b859b6-ef4b-47d6-a013-bc1ab3cbc444/service/1bf210ee-30ed-429d-9c67-359b3d753f00?environmentId=b80e16c3-5e02-43d3-ae1a-b8b67e977754:0
[40419083ms] [WARNING] The resource https://fonts.gstatic.com/s/ibmplexserif/v19/jizDREVNn1dOx-zrZ2X3pZvkTiUQ6SF-lPKgqWVL.woff2 was preloaded using link preload but not used within a few seconds from the window's load event. Please make sure it has an appropriate `as` value and it is preloaded intentionally. @ https://railway.com/project/c5b859b6-ef4b-47d6-a013-bc1ab3cbc444/service/1bf210ee-30ed-429d-9c67-359b3d753f00?environmentId=b80e16c3-5e02-43d3-ae1a-b8b67e977754:0
[40722440ms] [WARNING] The resource https://fonts.gstatic.com/s/ibmplexserif/v19/jizDREVNn1dOx-zrZ2X3pZvkTiUQ6SF-lPKgqWVL.woff2 was preloaded using link preload but not used within a few seconds from the window's load event. Please make sure it has an appropriate `as` value and it is preloaded intentionally. @ https://railway.com/project/c5b859b6-ef4b-47d6-a013-bc1ab3cbc444/service/1bf210ee-30ed-429d-9c67-359b3d753f00?environmentId=b80e16c3-5e02-43d3-ae1a-b8b67e977754:0
[41025154ms] [WARNING] The resource https://fonts.gstatic.com/s/ibmplexserif/v19/jizDREVNn1dOx-zrZ2X3pZvkTiUQ6SF-lPKgqWVL.woff2 was preloaded using link preload but not used within a few seconds from the window's load event. Please make sure it has an appropriate `as` value and it is preloaded intentionally. @ https://railway.com/project/c5b859b6-ef4b-47d6-a013-bc1ab3cbc444/service/1bf210ee-30ed-429d-9c67-359b3d753f00?environmentId=b80e16c3-5e02-43d3-ae1a-b8b67e977754:0
[41326697ms] [WARNING] The resource https://fonts.gstatic.com/s/ibmplexserif/v19/jizDREVNn1dOx-zrZ2X3pZvkTiUQ6SF-lPKgqWVL.woff2 was preloaded using link preload but not used within a few seconds from the window's load event. Please make sure it has an appropriate `as` value and it is preloaded intentionally. @ https://railway.com/project/c5b859b6-ef4b-47d6-a013-bc1ab3cbc444/service/1bf210ee-30ed-429d-9c67-359b3d753f00?environmentId=b80e16c3-5e02-43d3-ae1a-b8b67e977754:0
[41628813ms] [WARNING] The resource https://fonts.gstatic.com/s/ibmplexserif/v19/jizDREVNn1dOx-zrZ2X3pZvkTiUQ6SF-lPKgqWVL.woff2 was preloaded using link preload but not used within a few seconds from the window's load event. Please make sure it has an appropriate `as` value and it is preloaded intentionally. @ https://railway.com/project/c5b859b6-ef4b-47d6-a013-bc1ab3cbc444/service/1bf210ee-30ed-429d-9c67-359b3d753f00?environmentId=b80e16c3-5e02-43d3-ae1a-b8b67e977754:0
[41938184ms] [WARNING] The resource https://fonts.gstatic.com/s/ibmplexserif/v19/jizDREVNn1dOx-zrZ2X3pZvkTiUQ6SF-lPKgqWVL.woff2 was preloaded using link preload but not used within a few seconds from the window's load event. Please make sure it has an appropriate `as` value and it is preloaded intentionally. @ https://railway.com/project/c5b859b6-ef4b-47d6-a013-bc1ab3cbc444/service/1bf210ee-30ed-429d-9c67-359b3d753f00?environmentId=b80e16c3-5e02-43d3-ae1a-b8b67e977754:0
[42239762ms] [WARNING] The resource https://fonts.gstatic.com/s/ibmplexserif/v19/jizDREVNn1dOx-zrZ2X3pZvkTiUQ6SF-lPKgqWVL.woff2 was preloaded using link preload but not used within a few seconds from the window's load event. Please make sure it has an appropriate `as` value and it is preloaded intentionally. @ https://railway.com/project/c5b859b6-ef4b-47d6-a013-bc1ab3cbc444/service/1bf210ee-30ed-429d-9c67-359b3d753f00?environmentId=b80e16c3-5e02-43d3-ae1a-b8b67e977754:0
[42541808ms] [WARNING] The resource https://fonts.gstatic.com/s/ibmplexserif/v19/jizDREVNn1dOx-zrZ2X3pZvkTiUQ6SF-lPKgqWVL.woff2 was preloaded using link preload but not used within a few seconds from the window's load event. Please make sure it has an appropriate `as` value and it is preloaded intentionally. @ https://railway.com/project/c5b859b6-ef4b-47d6-a013-bc1ab3cbc444/service/1bf210ee-30ed-429d-9c67-359b3d753f00?environmentId=b80e16c3-5e02-43d3-ae1a-b8b67e977754:0
[42845018ms] [WARNING] The resource https://fonts.gstatic.com/s/ibmplexserif/v19/jizDREVNn1dOx-zrZ2X3pZvkTiUQ6SF-lPKgqWVL.woff2 was preloaded using link preload but not used within a few seconds from the window's load event. Please make sure it has an appropriate `as` value and it is preloaded intentionally. @ https://railway.com/project/c5b859b6-ef4b-47d6-a013-bc1ab3cbc444/service/1bf210ee-30ed-429d-9c67-359b3d753f00?environmentId=b80e16c3-5e02-43d3-ae1a-b8b67e977754:0
[43148137ms] [WARNING] The resource https://fonts.gstatic.com/s/ibmplexserif/v19/jizDREVNn1dOx-zrZ2X3pZvkTiUQ6SF-lPKgqWVL.woff2 was preloaded using link preload but not used within a few seconds from the window's load event. Please make sure it has an appropriate `as` value and it is preloaded intentionally. @ https://railway.com/project/c5b859b6-ef4b-47d6-a013-bc1ab3cbc444/service/1bf210ee-30ed-429d-9c67-359b3d753f00?environmentId=b80e16c3-5e02-43d3-ae1a-b8b67e977754:0
[43462857ms] [WARNING] The resource https://fonts.gstatic.com/s/ibmplexserif/v19/jizDREVNn1dOx-zrZ2X3pZvkTiUQ6SF-lPKgqWVL.woff2 was preloaded using link preload but not used within a few seconds from the window's load event. Please make sure it has an appropriate `as` value and it is preloaded intentionally. @ https://railway.com/project/c5b859b6-ef4b-47d6-a013-bc1ab3cbc444/service/1bf210ee-30ed-429d-9c67-359b3d753f00?environmentId=b80e16c3-5e02-43d3-ae1a-b8b67e977754:0
[43767931ms] [WARNING] The resource https://fonts.gstatic.com/s/ibmplexserif/v19/jizDREVNn1dOx-zrZ2X3pZvkTiUQ6SF-lPKgqWVL.woff2 was preloaded using link preload but not used within a few seconds from the window's load event. Please make sure it has an appropriate `as` value and it is preloaded intentionally. @ https://railway.com/project/c5b859b6-ef4b-47d6-a013-bc1ab3cbc444/service/1bf210ee-30ed-429d-9c67-359b3d753f00?environmentId=b80e16c3-5e02-43d3-ae1a-b8b67e977754:0
[44070450ms] [WARNING] The resource https://fonts.gstatic.com/s/ibmplexserif/v19/jizDREVNn1dOx-zrZ2X3pZvkTiUQ6SF-lPKgqWVL.woff2 was preloaded using link preload but not used within a few seconds from the window's load event. Please make sure it has an appropriate `as` value and it is preloaded intentionally. @ https://railway.com/project/c5b859b6-ef4b-47d6-a013-bc1ab3cbc444/service/1bf210ee-30ed-429d-9c67-359b3d753f00?environmentId=b80e16c3-5e02-43d3-ae1a-b8b67e977754:0
[44371990ms] [WARNING] The resource https://fonts.gstatic.com/s/ibmplexserif/v19/jizDREVNn1dOx-zrZ2X3pZvkTiUQ6SF-lPKgqWVL.woff2 was preloaded using link preload but not used within a few seconds from the window's load event. Please make sure it has an appropriate `as` value and it is preloaded intentionally. @ https://railway.com/project/c5b859b6-ef4b-47d6-a013-bc1ab3cbc444/service/1bf210ee-30ed-429d-9c67-359b3d753f00?environmentId=b80e16c3-5e02-43d3-ae1a-b8b67e977754:0
[44675285ms] [WARNING] The resource https://fonts.gstatic.com/s/ibmplexserif/v19/jizDREVNn1dOx-zrZ2X3pZvkTiUQ6SF-lPKgqWVL.woff2 was preloaded using link preload but not used within a few seconds from the window's load event. Please make sure it has an appropriate `as` value and it is preloaded intentionally. @ https://railway.com/project/c5b859b6-ef4b-47d6-a013-bc1ab3cbc444/service/1bf210ee-30ed-429d-9c67-359b3d753f00?environmentId=b80e16c3-5e02-43d3-ae1a-b8b67e977754:0
[44977530ms] [WARNING] The resource https://fonts.gstatic.com/s/ibmplexserif/v19/jizDREVNn1dOx-zrZ2X3pZvkTiUQ6SF-lPKgqWVL.woff2 was preloaded using link preload but not used within a few seconds from the window's load event. Please make sure it has an appropriate `as` value and it is preloaded intentionally. @ https://railway.com/project/c5b859b6-ef4b-47d6-a013-bc1ab3cbc444/service/1bf210ee-30ed-429d-9c67-359b3d753f00?environmentId=b80e16c3-5e02-43d3-ae1a-b8b67e977754:0
[45286422ms] [WARNING] The resource https://fonts.gstatic.com/s/ibmplexserif/v19/jizDREVNn1dOx-zrZ2X3pZvkTiUQ6SF-lPKgqWVL.woff2 was preloaded using link preload but not used within a few seconds from the window's load event. Please make sure it has an appropriate `as` value and it is preloaded intentionally. @ https://railway.com/project/c5b859b6-ef4b-47d6-a013-bc1ab3cbc444/service/1bf210ee-30ed-429d-9c67-359b3d753f00?environmentId=b80e16c3-5e02-43d3-ae1a-b8b67e977754:0
[45588360ms] [WARNING] The resource https://fonts.gstatic.com/s/ibmplexserif/v19/jizDREVNn1dOx-zrZ2X3pZvkTiUQ6SF-lPKgqWVL.woff2 was preloaded using link preload but not used within a few seconds from the window's load event. Please make sure it has an appropriate `as` value and it is preloaded intentionally. @ https://railway.com/project/c5b859b6-ef4b-47d6-a013-bc1ab3cbc444/service/1bf210ee-30ed-429d-9c67-359b3d753f00?environmentId=b80e16c3-5e02-43d3-ae1a-b8b67e977754:0
[45891357ms] [WARNING] The resource https://fonts.gstatic.com/s/ibmplexserif/v19/jizDREVNn1dOx-zrZ2X3pZvkTiUQ6SF-lPKgqWVL.woff2 was preloaded using link preload but not used within a few seconds from the window's load event. Please make sure it has an appropriate `as` value and it is preloaded intentionally. @ https://railway.com/project/c5b859b6-ef4b-47d6-a013-bc1ab3cbc444/service/1bf210ee-30ed-429d-9c67-359b3d753f00?environmentId=b80e16c3-5e02-43d3-ae1a-b8b67e977754:0
[46219733ms] [ERROR] Failed to load resource: net::ERR_TIMED_OUT @ https://backboard.railway.com/graphql/internal?q=notificationDeliveries:0
[46224596ms] [WARNING] The resource https://fonts.gstatic.com/s/ibmplexserif/v19/jizDREVNn1dOx-zrZ2X3pZvkTiUQ6SF-lPKgqWVL.woff2 was preloaded using link preload but not used within a few seconds from the window's load event. Please make sure it has an appropriate `as` value and it is preloaded intentionally. @ https://railway.com/project/c5b859b6-ef4b-47d6-a013-bc1ab3cbc444/service/1bf210ee-30ed-429d-9c67-359b3d753f00?environmentId=b80e16c3-5e02-43d3-ae1a-b8b67e977754:0
[46528210ms] [WARNING] The resource https://fonts.gstatic.com/s/ibmplexserif/v19/jizDREVNn1dOx-zrZ2X3pZvkTiUQ6SF-lPKgqWVL.woff2 was preloaded using link preload but not used within a few seconds from the window's load event. Please make sure it has an appropriate `as` value and it is preloaded intentionally. @ https://railway.com/project/c5b859b6-ef4b-47d6-a013-bc1ab3cbc444/service/1bf210ee-30ed-429d-9c67-359b3d753f00?environmentId=b80e16c3-5e02-43d3-ae1a-b8b67e977754:0
[46830710ms] [WARNING] The resource https://fonts.gstatic.com/s/ibmplexserif/v19/jizDREVNn1dOx-zrZ2X3pZvkTiUQ6SF-lPKgqWVL.woff2 was preloaded using link preload but not used within a few seconds from the window's load event. Please make sure it has an appropriate `as` value and it is preloaded intentionally. @ https://railway.com/project/c5b859b6-ef4b-47d6-a013-bc1ab3cbc444/service/1bf210ee-30ed-429d-9c67-359b3d753f00?environmentId=b80e16c3-5e02-43d3-ae1a-b8b67e977754:0
[47133283ms] [WARNING] The resource https://fonts.gstatic.com/s/ibmplexserif/v19/jizDREVNn1dOx-zrZ2X3pZvkTiUQ6SF-lPKgqWVL.woff2 was preloaded using link preload but not used within a few seconds from the window's load event. Please make sure it has an appropriate `as` value and it is preloaded intentionally. @ https://railway.com/project/c5b859b6-ef4b-47d6-a013-bc1ab3cbc444/service/1bf210ee-30ed-429d-9c67-359b3d753f00?environmentId=b80e16c3-5e02-43d3-ae1a-b8b67e977754:0
[47437307ms] [WARNING] The resource https://fonts.gstatic.com/s/ibmplexserif/v19/jizDREVNn1dOx-zrZ2X3pZvkTiUQ6SF-lPKgqWVL.woff2 was preloaded using link preload but not used within a few seconds from the window's load event. Please make sure it has an appropriate `as` value and it is preloaded intentionally. @ https://railway.com/project/c5b859b6-ef4b-47d6-a013-bc1ab3cbc444/service/1bf210ee-30ed-429d-9c67-359b3d753f00?environmentId=b80e16c3-5e02-43d3-ae1a-b8b67e977754:0
[47739961ms] [WARNING] The resource https://fonts.gstatic.com/s/ibmplexserif/v19/jizDREVNn1dOx-zrZ2X3pZvkTiUQ6SF-lPKgqWVL.woff2 was preloaded using link preload but not used within a few seconds from the window's load event. Please make sure it has an appropriate `as` value and it is preloaded intentionally. @ https://railway.com/project/c5b859b6-ef4b-47d6-a013-bc1ab3cbc444/service/1bf210ee-30ed-429d-9c67-359b3d753f00?environmentId=b80e16c3-5e02-43d3-ae1a-b8b67e977754:0
[48042540ms] [WARNING] The resource https://fonts.gstatic.com/s/ibmplexserif/v19/jizDREVNn1dOx-zrZ2X3pZvkTiUQ6SF-lPKgqWVL.woff2 was preloaded using link preload but not used within a few seconds from the window's load event. Please make sure it has an appropriate `as` value and it is preloaded intentionally. @ https://railway.com/project/c5b859b6-ef4b-47d6-a013-bc1ab3cbc444/service/1bf210ee-30ed-429d-9c67-359b3d753f00?environmentId=b80e16c3-5e02-43d3-ae1a-b8b67e977754:0
[48346210ms] [WARNING] The resource https://fonts.gstatic.com/s/ibmplexserif/v19/jizDREVNn1dOx-zrZ2X3pZvkTiUQ6SF-lPKgqWVL.woff2 was preloaded using link preload but not used within a few seconds from the window's load event. Please make sure it has an appropriate `as` value and it is preloaded intentionally. @ https://railway.com/project/c5b859b6-ef4b-47d6-a013-bc1ab3cbc444/service/1bf210ee-30ed-429d-9c67-359b3d753f00?environmentId=b80e16c3-5e02-43d3-ae1a-b8b67e977754:0
[48648890ms] [WARNING] The resource https://fonts.gstatic.com/s/ibmplexserif/v19/jizDREVNn1dOx-zrZ2X3pZvkTiUQ6SF-lPKgqWVL.woff2 was preloaded using link preload but not used within a few seconds from the window's load event. Please make sure it has an appropriate `as` value and it is preloaded intentionally. @ https://railway.com/project/c5b859b6-ef4b-47d6-a013-bc1ab3cbc444/service/1bf210ee-30ed-429d-9c67-359b3d753f00?environmentId=b80e16c3-5e02-43d3-ae1a-b8b67e977754:0
[48951386ms] [WARNING] The resource https://fonts.gstatic.com/s/ibmplexserif/v19/jizDREVNn1dOx-zrZ2X3pZvkTiUQ6SF-lPKgqWVL.woff2 was preloaded using link preload but not used within a few seconds from the window's load event. Please make sure it has an appropriate `as` value and it is preloaded intentionally. @ https://railway.com/project/c5b859b6-ef4b-47d6-a013-bc1ab3cbc444/service/1bf210ee-30ed-429d-9c67-359b3d753f00?environmentId=b80e16c3-5e02-43d3-ae1a-b8b67e977754:0
[49254070ms] [WARNING] The resource https://fonts.gstatic.com/s/ibmplexserif/v19/jizDREVNn1dOx-zrZ2X3pZvkTiUQ6SF-lPKgqWVL.woff2 was preloaded using link preload but not used within a few seconds from the window's load event. Please make sure it has an appropriate `as` value and it is preloaded intentionally. @ https://railway.com/project/c5b859b6-ef4b-47d6-a013-bc1ab3cbc444/service/1bf210ee-30ed-429d-9c67-359b3d753f00?environmentId=b80e16c3-5e02-43d3-ae1a-b8b67e977754:0
[49556596ms] [WARNING] The resource https://fonts.gstatic.com/s/ibmplexserif/v19/jizDREVNn1dOx-zrZ2X3pZvkTiUQ6SF-lPKgqWVL.woff2 was preloaded using link preload but not used within a few seconds from the window's load event. Please make sure it has an appropriate `as` value and it is preloaded intentionally. @ https://railway.com/project/c5b859b6-ef4b-47d6-a013-bc1ab3cbc444/service/1bf210ee-30ed-429d-9c67-359b3d753f00?environmentId=b80e16c3-5e02-43d3-ae1a-b8b67e977754:0
[49859140ms] [WARNING] The resource https://fonts.gstatic.com/s/ibmplexserif/v19/jizDREVNn1dOx-zrZ2X3pZvkTiUQ6SF-lPKgqWVL.woff2 was preloaded using link preload but not used within a few seconds from the window's load event. Please make sure it has an appropriate `as` value and it is preloaded intentionally. @ https://railway.com/project/c5b859b6-ef4b-47d6-a013-bc1ab3cbc444/service/1bf210ee-30ed-429d-9c67-359b3d753f00?environmentId=b80e16c3-5e02-43d3-ae1a-b8b67e977754:0
[50161754ms] [WARNING] The resource https://fonts.gstatic.com/s/ibmplexserif/v19/jizDREVNn1dOx-zrZ2X3pZvkTiUQ6SF-lPKgqWVL.woff2 was preloaded using link preload but not used within a few seconds from the window's load event. Please make sure it has an appropriate `as` value and it is preloaded intentionally. @ https://railway.com/project/c5b859b6-ef4b-47d6-a013-bc1ab3cbc444/service/1bf210ee-30ed-429d-9c67-359b3d753f00?environmentId=b80e16c3-5e02-43d3-ae1a-b8b67e977754:0
[50464299ms] [WARNING] The resource https://fonts.gstatic.com/s/ibmplexserif/v19/jizDREVNn1dOx-zrZ2X3pZvkTiUQ6SF-lPKgqWVL.woff2 was preloaded using link preload but not used within a few seconds from the window's load event. Please make sure it has an appropriate `as` value and it is preloaded intentionally. @ https://railway.com/project/c5b859b6-ef4b-47d6-a013-bc1ab3cbc444/service/1bf210ee-30ed-429d-9c67-359b3d753f00?environmentId=b80e16c3-5e02-43d3-ae1a-b8b67e977754:0
[50767953ms] [WARNING] The resource https://fonts.gstatic.com/s/ibmplexserif/v19/jizDREVNn1dOx-zrZ2X3pZvkTiUQ6SF-lPKgqWVL.woff2 was preloaded using link preload but not used within a few seconds from the window's load event. Please make sure it has an appropriate `as` value and it is preloaded intentionally. @ https://railway.com/project/c5b859b6-ef4b-47d6-a013-bc1ab3cbc444/service/1bf210ee-30ed-429d-9c67-359b3d753f00?environmentId=b80e16c3-5e02-43d3-ae1a-b8b67e977754:0
[51071855ms] [WARNING] The resource https://fonts.gstatic.com/s/ibmplexserif/v19/jizDREVNn1dOx-zrZ2X3pZvkTiUQ6SF-lPKgqWVL.woff2 was preloaded using link preload but not used within a few seconds from the window's load event. Please make sure it has an appropriate `as` value and it is preloaded intentionally. @ https://railway.com/project/c5b859b6-ef4b-47d6-a013-bc1ab3cbc444/service/1bf210ee-30ed-429d-9c67-359b3d753f00?environmentId=b80e16c3-5e02-43d3-ae1a-b8b67e977754:0
[51374330ms] [WARNING] The resource https://fonts.gstatic.com/s/ibmplexserif/v19/jizDREVNn1dOx-zrZ2X3pZvkTiUQ6SF-lPKgqWVL.woff2 was preloaded using link preload but not used within a few seconds from the window's load event. Please make sure it has an appropriate `as` value and it is preloaded intentionally. @ https://railway.com/project/c5b859b6-ef4b-47d6-a013-bc1ab3cbc444/service/1bf210ee-30ed-429d-9c67-359b3d753f00?environmentId=b80e16c3-5e02-43d3-ae1a-b8b67e977754:0
[51677075ms] [WARNING] The resource https://fonts.gstatic.com/s/ibmplexserif/v19/jizDREVNn1dOx-zrZ2X3pZvkTiUQ6SF-lPKgqWVL.woff2 was preloaded using link preload but not used within a few seconds from the window's load event. Please make sure it has an appropriate `as` value and it is preloaded intentionally. @ https://railway.com/project/c5b859b6-ef4b-47d6-a013-bc1ab3cbc444/service/1bf210ee-30ed-429d-9c67-359b3d753f00?environmentId=b80e16c3-5e02-43d3-ae1a-b8b67e977754:0
[51980554ms] [WARNING] The resource https://fonts.gstatic.com/s/ibmplexserif/v19/jizDREVNn1dOx-zrZ2X3pZvkTiUQ6SF-lPKgqWVL.woff2 was preloaded using link preload but not used within a few seconds from the window's load event. Please make sure it has an appropriate `as` value and it is preloaded intentionally. @ https://railway.com/project/c5b859b6-ef4b-47d6-a013-bc1ab3cbc444/service/1bf210ee-30ed-429d-9c67-359b3d753f00?environmentId=b80e16c3-5e02-43d3-ae1a-b8b67e977754:0
[52283344ms] [WARNING] The resource https://fonts.gstatic.com/s/ibmplexserif/v19/jizDREVNn1dOx-zrZ2X3pZvkTiUQ6SF-lPKgqWVL.woff2 was preloaded using link preload but not used within a few seconds from the window's load event. Please make sure it has an appropriate `as` value and it is preloaded intentionally. @ https://railway.com/project/c5b859b6-ef4b-47d6-a013-bc1ab3cbc444/service/1bf210ee-30ed-429d-9c67-359b3d753f00?environmentId=b80e16c3-5e02-43d3-ae1a-b8b67e977754:0
[52585843ms] [WARNING] The resource https://fonts.gstatic.com/s/ibmplexserif/v19/jizDREVNn1dOx-zrZ2X3pZvkTiUQ6SF-lPKgqWVL.woff2 was preloaded using link preload but not used within a few seconds from the window's load event. Please make sure it has an appropriate `as` value and it is preloaded intentionally. @ https://railway.com/project/c5b859b6-ef4b-47d6-a013-bc1ab3cbc444/service/1bf210ee-30ed-429d-9c67-359b3d753f00?environmentId=b80e16c3-5e02-43d3-ae1a-b8b67e977754:0
[52891570ms] [WARNING] The resource https://fonts.gstatic.com/s/ibmplexserif/v19/jizDREVNn1dOx-zrZ2X3pZvkTiUQ6SF-lPKgqWVL.woff2 was preloaded using link preload but not used within a few seconds from the window's load event. Please make sure it has an appropriate `as` value and it is preloaded intentionally. @ https://railway.com/project/c5b859b6-ef4b-47d6-a013-bc1ab3cbc444/service/1bf210ee-30ed-429d-9c67-359b3d753f00?environmentId=b80e16c3-5e02-43d3-ae1a-b8b67e977754:0
[53194466ms] [WARNING] The resource https://fonts.gstatic.com/s/ibmplexserif/v19/jizDREVNn1dOx-zrZ2X3pZvkTiUQ6SF-lPKgqWVL.woff2 was preloaded using link preload but not used within a few seconds from the window's load event. Please make sure it has an appropriate `as` value and it is preloaded intentionally. @ https://railway.com/project/c5b859b6-ef4b-47d6-a013-bc1ab3cbc444/service/1bf210ee-30ed-429d-9c67-359b3d753f00?environmentId=b80e16c3-5e02-43d3-ae1a-b8b67e977754:0
[53498150ms] [WARNING] The resource https://fonts.gstatic.com/s/ibmplexserif/v19/jizDREVNn1dOx-zrZ2X3pZvkTiUQ6SF-lPKgqWVL.woff2 was preloaded using link preload but not used within a few seconds from the window's load event. Please make sure it has an appropriate `as` value and it is preloaded intentionally. @ https://railway.com/project/c5b859b6-ef4b-47d6-a013-bc1ab3cbc444/service/1bf210ee-30ed-429d-9c67-359b3d753f00?environmentId=b80e16c3-5e02-43d3-ae1a-b8b67e977754:0
[53800675ms] [WARNING] The resource https://fonts.gstatic.com/s/ibmplexserif/v19/jizDREVNn1dOx-zrZ2X3pZvkTiUQ6SF-lPKgqWVL.woff2 was preloaded using link preload but not used within a few seconds from the window's load event. Please make sure it has an appropriate `as` value and it is preloaded intentionally. @ https://railway.com/project/c5b859b6-ef4b-47d6-a013-bc1ab3cbc444/service/1bf210ee-30ed-429d-9c67-359b3d753f00?environmentId=b80e16c3-5e02-43d3-ae1a-b8b67e977754:0
[54103278ms] [WARNING] The resource https://fonts.gstatic.com/s/ibmplexserif/v19/jizDREVNn1dOx-zrZ2X3pZvkTiUQ6SF-lPKgqWVL.woff2 was preloaded using link preload but not used within a few seconds from the window's load event. Please make sure it has an appropriate `as` value and it is preloaded intentionally. @ https://railway.com/project/c5b859b6-ef4b-47d6-a013-bc1ab3cbc444/service/1bf210ee-30ed-429d-9c67-359b3d753f00?environmentId=b80e16c3-5e02-43d3-ae1a-b8b67e977754:0
[54405809ms] [WARNING] The resource https://fonts.gstatic.com/s/ibmplexserif/v19/jizDREVNn1dOx-zrZ2X3pZvkTiUQ6SF-lPKgqWVL.woff2 was preloaded using link preload but not used within a few seconds from the window's load event. Please make sure it has an appropriate `as` value and it is preloaded intentionally. @ https://railway.com/project/c5b859b6-ef4b-47d6-a013-bc1ab3cbc444/service/1bf210ee-30ed-429d-9c67-359b3d753f00?environmentId=b80e16c3-5e02-43d3-ae1a-b8b67e977754:0
[54709697ms] [WARNING] The resource https://fonts.gstatic.com/s/ibmplexserif/v19/jizDREVNn1dOx-zrZ2X3pZvkTiUQ6SF-lPKgqWVL.woff2 was preloaded using link preload but not used within a few seconds from the window's load event. Please make sure it has an appropriate `as` value and it is preloaded intentionally. @ https://railway.com/project/c5b859b6-ef4b-47d6-a013-bc1ab3cbc444/service/1bf210ee-30ed-429d-9c67-359b3d753f00?environmentId=b80e16c3-5e02-43d3-ae1a-b8b67e977754:0
[55012348ms] [WARNING] The resource https://fonts.gstatic.com/s/ibmplexserif/v19/jizDREVNn1dOx-zrZ2X3pZvkTiUQ6SF-lPKgqWVL.woff2 was preloaded using link preload but not used within a few seconds from the window's load event. Please make sure it has an appropriate `as` value and it is preloaded intentionally. @ https://railway.com/project/c5b859b6-ef4b-47d6-a013-bc1ab3cbc444/service/1bf210ee-30ed-429d-9c67-359b3d753f00?environmentId=b80e16c3-5e02-43d3-ae1a-b8b67e977754:0
[55315097ms] [WARNING] The resource https://fonts.gstatic.com/s/ibmplexserif/v19/jizDREVNn1dOx-zrZ2X3pZvkTiUQ6SF-lPKgqWVL.woff2 was preloaded using link preload but not used within a few seconds from the window's load event. Please make sure it has an appropriate `as` value and it is preloaded intentionally. @ https://railway.com/project/c5b859b6-ef4b-47d6-a013-bc1ab3cbc444/service/1bf210ee-30ed-429d-9c67-359b3d753f00?environmentId=b80e16c3-5e02-43d3-ae1a-b8b67e977754:0
[55618670ms] [WARNING] The resource https://fonts.gstatic.com/s/ibmplexserif/v19/jizDREVNn1dOx-zrZ2X3pZvkTiUQ6SF-lPKgqWVL.woff2 was preloaded using link preload but not used within a few seconds from the window's load event. Please make sure it has an appropriate `as` value and it is preloaded intentionally. @ https://railway.com/project/c5b859b6-ef4b-47d6-a013-bc1ab3cbc444/service/1bf210ee-30ed-429d-9c67-359b3d753f00?environmentId=b80e16c3-5e02-43d3-ae1a-b8b67e977754:0
[55921135ms] [WARNING] The resource https://fonts.gstatic.com/s/ibmplexserif/v19/jizDREVNn1dOx-zrZ2X3pZvkTiUQ6SF-lPKgqWVL.woff2 was preloaded using link preload but not used within a few seconds from the window's load event. Please make sure it has an appropriate `as` value and it is preloaded intentionally. @ https://railway.com/project/c5b859b6-ef4b-47d6-a013-bc1ab3cbc444/service/1bf210ee-30ed-429d-9c67-359b3d753f00?environmentId=b80e16c3-5e02-43d3-ae1a-b8b67e977754:0
[56223717ms] [WARNING] The resource https://fonts.gstatic.com/s/ibmplexserif/v19/jizDREVNn1dOx-zrZ2X3pZvkTiUQ6SF-lPKgqWVL.woff2 was preloaded using link preload but not used within a few seconds from the window's load event. Please make sure it has an appropriate `as` value and it is preloaded intentionally. @ https://railway.com/project/c5b859b6-ef4b-47d6-a013-bc1ab3cbc444/service/1bf210ee-30ed-429d-9c67-359b3d753f00?environmentId=b80e16c3-5e02-43d3-ae1a-b8b67e977754:0
[56526322ms] [WARNING] The resource https://fonts.gstatic.com/s/ibmplexserif/v19/jizDREVNn1dOx-zrZ2X3pZvkTiUQ6SF-lPKgqWVL.woff2 was preloaded using link preload but not used within a few seconds from the window's load event. Please make sure it has an appropriate `as` value and it is preloaded intentionally. @ https://railway.com/project/c5b859b6-ef4b-47d6-a013-bc1ab3cbc444/service/1bf210ee-30ed-429d-9c67-359b3d753f00?environmentId=b80e16c3-5e02-43d3-ae1a-b8b67e977754:0
[56828770ms] [WARNING] The resource https://fonts.gstatic.com/s/ibmplexserif/v19/jizDREVNn1dOx-zrZ2X3pZvkTiUQ6SF-lPKgqWVL.woff2 was preloaded using link preload but not used within a few seconds from the window's load event. Please make sure it has an appropriate `as` value and it is preloaded intentionally. @ https://railway.com/project/c5b859b6-ef4b-47d6-a013-bc1ab3cbc444/service/1bf210ee-30ed-429d-9c67-359b3d753f00?environmentId=b80e16c3-5e02-43d3-ae1a-b8b67e977754:0
[57131253ms] [WARNING] The resource https://fonts.gstatic.com/s/ibmplexserif/v19/jizDREVNn1dOx-zrZ2X3pZvkTiUQ6SF-lPKgqWVL.woff2 was preloaded using link preload but not used within a few seconds from the window's load event. Please make sure it has an appropriate `as` value and it is preloaded intentionally. @ https://railway.com/project/c5b859b6-ef4b-47d6-a013-bc1ab3cbc444/service/1bf210ee-30ed-429d-9c67-359b3d753f00?environmentId=b80e16c3-5e02-43d3-ae1a-b8b67e977754:0
[57433808ms] [WARNING] The resource https://fonts.gstatic.com/s/ibmplexserif/v19/jizDREVNn1dOx-zrZ2X3pZvkTiUQ6SF-lPKgqWVL.woff2 was preloaded using link preload but not used within a few seconds from the window's load event. Please make sure it has an appropriate `as` value and it is preloaded intentionally. @ https://railway.com/project/c5b859b6-ef4b-47d6-a013-bc1ab3cbc444/service/1bf210ee-30ed-429d-9c67-359b3d753f00?environmentId=b80e16c3-5e02-43d3-ae1a-b8b67e977754:0
[57736467ms] [WARNING] The resource https://fonts.gstatic.com/s/ibmplexserif/v19/jizDREVNn1dOx-zrZ2X3pZvkTiUQ6SF-lPKgqWVL.woff2 was preloaded using link preload but not used within a few seconds from the window's load event. Please make sure it has an appropriate `as` value and it is preloaded intentionally. @ https://railway.com/project/c5b859b6-ef4b-47d6-a013-bc1ab3cbc444/service/1bf210ee-30ed-429d-9c67-359b3d753f00?environmentId=b80e16c3-5e02-43d3-ae1a-b8b67e977754:0
[58038914ms] [WARNING] The resource https://fonts.gstatic.com/s/ibmplexserif/v19/jizDREVNn1dOx-zrZ2X3pZvkTiUQ6SF-lPKgqWVL.woff2 was preloaded using link preload but not used within a few seconds from the window's load event. Please make sure it has an appropriate `as` value and it is preloaded intentionally. @ https://railway.com/project/c5b859b6-ef4b-47d6-a013-bc1ab3cbc444/service/1bf210ee-30ed-429d-9c67-359b3d753f00?environmentId=b80e16c3-5e02-43d3-ae1a-b8b67e977754:0
[58343435ms] [WARNING] The resource https://fonts.gstatic.com/s/ibmplexserif/v19/jizDREVNn1dOx-zrZ2X3pZvkTiUQ6SF-lPKgqWVL.woff2 was preloaded using link preload but not used within a few seconds from the window's load event. Please make sure it has an appropriate `as` value and it is preloaded intentionally. @ https://railway.com/project/c5b859b6-ef4b-47d6-a013-bc1ab3cbc444/service/1bf210ee-30ed-429d-9c67-359b3d753f00?environmentId=b80e16c3-5e02-43d3-ae1a-b8b67e977754:0
[58646014ms] [WARNING] The resource https://fonts.gstatic.com/s/ibmplexserif/v19/jizDREVNn1dOx-zrZ2X3pZvkTiUQ6SF-lPKgqWVL.woff2 was preloaded using link preload but not used within a few seconds from the window's load event. Please make sure it has an appropriate `as` value and it is preloaded intentionally. @ https://railway.com/project/c5b859b6-ef4b-47d6-a013-bc1ab3cbc444/service/1bf210ee-30ed-429d-9c67-359b3d753f00?environmentId=b80e16c3-5e02-43d3-ae1a-b8b67e977754:0
[58948618ms] [WARNING] The resource https://fonts.gstatic.com/s/ibmplexserif/v19/jizDREVNn1dOx-zrZ2X3pZvkTiUQ6SF-lPKgqWVL.woff2 was preloaded using link preload but not used within a few seconds from the window's load event. Please make sure it has an appropriate `as` value and it is preloaded intentionally. @ https://railway.com/project/c5b859b6-ef4b-47d6-a013-bc1ab3cbc444/service/1bf210ee-30ed-429d-9c67-359b3d753f00?environmentId=b80e16c3-5e02-43d3-ae1a-b8b67e977754:0
[59251208ms] [WARNING] The resource https://fonts.gstatic.com/s/ibmplexserif/v19/jizDREVNn1dOx-zrZ2X3pZvkTiUQ6SF-lPKgqWVL.woff2 was preloaded using link preload but not used within a few seconds from the window's load event. Please make sure it has an appropriate `as` value and it is preloaded intentionally. @ https://railway.com/project/c5b859b6-ef4b-47d6-a013-bc1ab3cbc444/service/1bf210ee-30ed-429d-9c67-359b3d753f00?environmentId=b80e16c3-5e02-43d3-ae1a-b8b67e977754:0
[59554853ms] [WARNING] The resource https://fonts.gstatic.com/s/ibmplexserif/v19/jizDREVNn1dOx-zrZ2X3pZvkTiUQ6SF-lPKgqWVL.woff2 was preloaded using link preload but not used within a few seconds from the window's load event. Please make sure it has an appropriate `as` value and it is preloaded intentionally. @ https://railway.com/project/c5b859b6-ef4b-47d6-a013-bc1ab3cbc444/service/1bf210ee-30ed-429d-9c67-359b3d753f00?environmentId=b80e16c3-5e02-43d3-ae1a-b8b67e977754:0
[59857492ms] [WARNING] The resource https://fonts.gstatic.com/s/ibmplexserif/v19/jizDREVNn1dOx-zrZ2X3pZvkTiUQ6SF-lPKgqWVL.woff2 was preloaded using link preload but not used within a few seconds from the window's load event. Please make sure it has an appropriate `as` value and it is preloaded intentionally. @ https://railway.com/project/c5b859b6-ef4b-47d6-a013-bc1ab3cbc444/service/1bf210ee-30ed-429d-9c67-359b3d753f00?environmentId=b80e16c3-5e02-43d3-ae1a-b8b67e977754:0
[60159947ms] [WARNING] The resource https://fonts.gstatic.com/s/ibmplexserif/v19/jizDREVNn1dOx-zrZ2X3pZvkTiUQ6SF-lPKgqWVL.woff2 was preloaded using link preload but not used within a few seconds from the window's load event. Please make sure it has an appropriate `as` value and it is preloaded intentionally. @ https://railway.com/project/c5b859b6-ef4b-47d6-a013-bc1ab3cbc444/service/1bf210ee-30ed-429d-9c67-359b3d753f00?environmentId=b80e16c3-5e02-43d3-ae1a-b8b67e977754:0
[60462719ms] [WARNING] The resource https://fonts.gstatic.com/s/ibmplexserif/v19/jizDREVNn1dOx-zrZ2X3pZvkTiUQ6SF-lPKgqWVL.woff2 was preloaded using link preload but not used within a few seconds from the window's load event. Please make sure it has an appropriate `as` value and it is preloaded intentionally. @ https://railway.com/project/c5b859b6-ef4b-47d6-a013-bc1ab3cbc444/service/1bf210ee-30ed-429d-9c67-359b3d753f00?environmentId=b80e16c3-5e02-43d3-ae1a-b8b67e977754:0
[60765205ms] [WARNING] The resource https://fonts.gstatic.com/s/ibmplexserif/v19/jizDREVNn1dOx-zrZ2X3pZvkTiUQ6SF-lPKgqWVL.woff2 was preloaded using link preload but not used within a few seconds from the window's load event. Please make sure it has an appropriate `as` value and it is preloaded intentionally. @ https://railway.com/project/c5b859b6-ef4b-47d6-a013-bc1ab3cbc444/service/1bf210ee-30ed-429d-9c67-359b3d753f00?environmentId=b80e16c3-5e02-43d3-ae1a-b8b67e977754:0
[61067878ms] [WARNING] The resource https://fonts.gstatic.com/s/ibmplexserif/v19/jizDREVNn1dOx-zrZ2X3pZvkTiUQ6SF-lPKgqWVL.woff2 was preloaded using link preload but not used within a few seconds from the window's load event. Please make sure it has an appropriate `as` value and it is preloaded intentionally. @ https://railway.com/project/c5b859b6-ef4b-47d6-a013-bc1ab3cbc444/service/1bf210ee-30ed-429d-9c67-359b3d753f00?environmentId=b80e16c3-5e02-43d3-ae1a-b8b67e977754:0
[61370422ms] [WARNING] The resource https://fonts.gstatic.com/s/ibmplexserif/v19/jizDREVNn1dOx-zrZ2X3pZvkTiUQ6SF-lPKgqWVL.woff2 was preloaded using link preload but not used within a few seconds from the window's load event. Please make sure it has an appropriate `as` value and it is preloaded intentionally. @ https://railway.com/project/c5b859b6-ef4b-47d6-a013-bc1ab3cbc444/service/1bf210ee-30ed-429d-9c67-359b3d753f00?environmentId=b80e16c3-5e02-43d3-ae1a-b8b67e977754:0
[61672965ms] [WARNING] The resource https://fonts.gstatic.com/s/ibmplexserif/v19/jizDREVNn1dOx-zrZ2X3pZvkTiUQ6SF-lPKgqWVL.woff2 was preloaded using link preload but not used within a few seconds from the window's load event. Please make sure it has an appropriate `as` value and it is preloaded intentionally. @ https://railway.com/project/c5b859b6-ef4b-47d6-a013-bc1ab3cbc444/service/1bf210ee-30ed-429d-9c67-359b3d753f00?environmentId=b80e16c3-5e02-43d3-ae1a-b8b67e977754:0
[61975325ms] [WARNING] The resource https://fonts.gstatic.com/s/ibmplexserif/v19/jizDREVNn1dOx-zrZ2X3pZvkTiUQ6SF-lPKgqWVL.woff2 was preloaded using link preload but not used within a few seconds from the window's load event. Please make sure it has an appropriate `as` value and it is preloaded intentionally. @ https://railway.com/project/c5b859b6-ef4b-47d6-a013-bc1ab3cbc444/service/1bf210ee-30ed-429d-9c67-359b3d753f00?environmentId=b80e16c3-5e02-43d3-ae1a-b8b67e977754:0
[62276830ms] [WARNING] The resource https://fonts.gstatic.com/s/ibmplexserif/v19/jizDREVNn1dOx-zrZ2X3pZvkTiUQ6SF-lPKgqWVL.woff2 was preloaded using link preload but not used within a few seconds from the window's load event. Please make sure it has an appropriate `as` value and it is preloaded intentionally. @ https://railway.com/project/c5b859b6-ef4b-47d6-a013-bc1ab3cbc444/service/1bf210ee-30ed-429d-9c67-359b3d753f00?environmentId=b80e16c3-5e02-43d3-ae1a-b8b67e977754:0
[62578350ms] [WARNING] The resource https://fonts.gstatic.com/s/ibmplexserif/v19/jizDREVNn1dOx-zrZ2X3pZvkTiUQ6SF-lPKgqWVL.woff2 was preloaded using link preload but not used within a few seconds from the window's load event. Please make sure it has an appropriate `as` value and it is preloaded intentionally. @ https://railway.com/project/c5b859b6-ef4b-47d6-a013-bc1ab3cbc444/service/1bf210ee-30ed-429d-9c67-359b3d753f00?environmentId=b80e16c3-5e02-43d3-ae1a-b8b67e977754:0
[62879795ms] [WARNING] The resource https://fonts.gstatic.com/s/ibmplexserif/v19/jizDREVNn1dOx-zrZ2X3pZvkTiUQ6SF-lPKgqWVL.woff2 was preloaded using link preload but not used within a few seconds from the window's load event. Please make sure it has an appropriate `as` value and it is preloaded intentionally. @ https://railway.com/project/c5b859b6-ef4b-47d6-a013-bc1ab3cbc444/service/1bf210ee-30ed-429d-9c67-359b3d753f00?environmentId=b80e16c3-5e02-43d3-ae1a-b8b67e977754:0
[63181342ms] [WARNING] The resource https://fonts.gstatic.com/s/ibmplexserif/v19/jizDREVNn1dOx-zrZ2X3pZvkTiUQ6SF-lPKgqWVL.woff2 was preloaded using link preload but not used within a few seconds from the window's load event. Please make sure it has an appropriate `as` value and it is preloaded intentionally. @ https://railway.com/project/c5b859b6-ef4b-47d6-a013-bc1ab3cbc444/service/1bf210ee-30ed-429d-9c67-359b3d753f00?environmentId=b80e16c3-5e02-43d3-ae1a-b8b67e977754:0
[63482852ms] [WARNING] The resource https://fonts.gstatic.com/s/ibmplexserif/v19/jizDREVNn1dOx-zrZ2X3pZvkTiUQ6SF-lPKgqWVL.woff2 was preloaded using link preload but not used within a few seconds from the window's load event. Please make sure it has an appropriate `as` value and it is preloaded intentionally. @ https://railway.com/project/c5b859b6-ef4b-47d6-a013-bc1ab3cbc444/service/1bf210ee-30ed-429d-9c67-359b3d753f00?environmentId=b80e16c3-5e02-43d3-ae1a-b8b67e977754:0
[63784396ms] [WARNING] The resource https://fonts.gstatic.com/s/ibmplexserif/v19/jizDREVNn1dOx-zrZ2X3pZvkTiUQ6SF-lPKgqWVL.woff2 was preloaded using link preload but not used within a few seconds from the window's load event. Please make sure it has an appropriate `as` value and it is preloaded intentionally. @ https://railway.com/project/c5b859b6-ef4b-47d6-a013-bc1ab3cbc444/service/1bf210ee-30ed-429d-9c67-359b3d753f00?environmentId=b80e16c3-5e02-43d3-ae1a-b8b67e977754:0
[64085880ms] [WARNING] The resource https://fonts.gstatic.com/s/ibmplexserif/v19/jizDREVNn1dOx-zrZ2X3pZvkTiUQ6SF-lPKgqWVL.woff2 was preloaded using link preload but not used within a few seconds from the window's load event. Please make sure it has an appropriate `as` value and it is preloaded intentionally. @ https://railway.com/project/c5b859b6-ef4b-47d6-a013-bc1ab3cbc444/service/1bf210ee-30ed-429d-9c67-359b3d753f00?environmentId=b80e16c3-5e02-43d3-ae1a-b8b67e977754:0
[64387379ms] [WARNING] The resource https://fonts.gstatic.com/s/ibmplexserif/v19/jizDREVNn1dOx-zrZ2X3pZvkTiUQ6SF-lPKgqWVL.woff2 was preloaded using link preload but not used within a few seconds from the window's load event. Please make sure it has an appropriate `as` value and it is preloaded intentionally. @ https://railway.com/project/c5b859b6-ef4b-47d6-a013-bc1ab3cbc444/service/1bf210ee-30ed-429d-9c67-359b3d753f00?environmentId=b80e16c3-5e02-43d3-ae1a-b8b67e977754:0
[64688844ms] [WARNING] The resource https://fonts.gstatic.com/s/ibmplexserif/v19/jizDREVNn1dOx-zrZ2X3pZvkTiUQ6SF-lPKgqWVL.woff2 was preloaded using link preload but not used within a few seconds from the window's load event. Please make sure it has an appropriate `as` value and it is preloaded intentionally. @ https://railway.com/project/c5b859b6-ef4b-47d6-a013-bc1ab3cbc444/service/1bf210ee-30ed-429d-9c67-359b3d753f00?environmentId=b80e16c3-5e02-43d3-ae1a-b8b67e977754:0
[64990374ms] [WARNING] The resource https://fonts.gstatic.com/s/ibmplexserif/v19/jizDREVNn1dOx-zrZ2X3pZvkTiUQ6SF-lPKgqWVL.woff2 was preloaded using link preload but not used within a few seconds from the window's load event. Please make sure it has an appropriate `as` value and it is preloaded intentionally. @ https://railway.com/project/c5b859b6-ef4b-47d6-a013-bc1ab3cbc444/service/1bf210ee-30ed-429d-9c67-359b3d753f00?environmentId=b80e16c3-5e02-43d3-ae1a-b8b67e977754:0
[65291856ms] [WARNING] The resource https://fonts.gstatic.com/s/ibmplexserif/v19/jizDREVNn1dOx-zrZ2X3pZvkTiUQ6SF-lPKgqWVL.woff2 was preloaded using link preload but not used within a few seconds from the window's load event. Please make sure it has an appropriate `as` value and it is preloaded intentionally. @ https://railway.com/project/c5b859b6-ef4b-47d6-a013-bc1ab3cbc444/service/1bf210ee-30ed-429d-9c67-359b3d753f00?environmentId=b80e16c3-5e02-43d3-ae1a-b8b67e977754:0
[65612281ms] [ERROR] Failed to load resource: net::ERR_CONNECTION_RESET @ https://backboard.railway.com/graphql/internal?q=notificationDeliveries:0
[65615286ms] [WARNING] The resource https://fonts.gstatic.com/s/ibmplexserif/v19/jizDREVNn1dOx-zrZ2X3pZvkTiUQ6SF-lPKgqWVL.woff2 was preloaded using link preload but not used within a few seconds from the window's load event. Please make sure it has an appropriate `as` value and it is preloaded intentionally. @ https://railway.com/project/c5b859b6-ef4b-47d6-a013-bc1ab3cbc444/service/1bf210ee-30ed-429d-9c67-359b3d753f00?environmentId=b80e16c3-5e02-43d3-ae1a-b8b67e977754:0
[65623018ms] [WARNING] The resource https://fonts.gstatic.com/s/ibmplexserif/v19/jizDREVNn1dOx-zrZ2X3pZvkTiUQ6SF-lPKgqWVL.woff2 was preloaded using link preload but not used within a few seconds from the window's load event. Please make sure it has an appropriate `as` value and it is preloaded intentionally. @ https://railway.com/project/c5b859b6-ef4b-47d6-a013-bc1ab3cbc444/service/1bf210ee-30ed-429d-9c67-359b3d753f00?environmentId=b80e16c3-5e02-43d3-ae1a-b8b67e977754:0
[65923851ms] [WARNING] The resource https://fonts.gstatic.com/s/ibmplexserif/v19/jizDREVNn1dOx-zrZ2X3pZvkTiUQ6SF-lPKgqWVL.woff2 was preloaded using link preload but not used within a few seconds from the window's load event. Please make sure it has an appropriate `as` value and it is preloaded intentionally. @ https://railway.com/project/c5b859b6-ef4b-47d6-a013-bc1ab3cbc444/service/1bf210ee-30ed-429d-9c67-359b3d753f00?environmentId=b80e16c3-5e02-43d3-ae1a-b8b67e977754:0
